run,model,filt,frequency,calib,city,exp,sensor_type,state_var,meas_var,N,case,R,P,Q,id,config,it,comment,mae
0,tomgro,ukf,1,gnvMod,cps,1,A,wf,wf,,case1,,1.00E-05,90,500,1,0,"fixed errors, case controlled, 10%",
0,tomgro,enkf,1,gnvMod,cps,1,A,wf,wf,500,case0,,1.00E-05,90,501,1,1,"fixed errors, case controlled, 10%",
0,tomgro,enkf,1,gnvMod,cps,1,A,wf,wf,500,case1,,1.00E-05,90,502,1,2,"fixed errors, case controlled, 10%",
0,tomgro,enkf,1,gnvMod,cps,1,A,wf,wf,500,case2,,1.00E-05,90,503,1,3,"fixed errors, case controlled, 10%",
0,tomgro,enkf,1,gnvMod,cps,1,A,wf,wf,500,case3,,1.00E-05,90,504,1,4,"fixed errors, case controlled, 10%",
0,tomgro,pf,1,gnvMod,cps,1,A,wf,wf,500,case1,,1.00E-05,90,505,1,5,"fixed errors, case controlled, 10%",
0,tomgro,ukf,1,gnvMod,cps,3,A,wf,wf,,case1,,1.00E-05,90,506,1,6,"fixed errors, case controlled, 10%",
0,tomgro,enkf,1,gnvMod,cps,3,A,wf,wf,500,case0,,1.00E-05,90,507,1,7,"fixed errors, case controlled, 10%",
0,tomgro,enkf,1,gnvMod,cps,3,A,wf,wf,500,case1,,1.00E-05,90,508,1,8,"fixed errors, case controlled, 10%",
0,tomgro,enkf,1,gnvMod,cps,3,A,wf,wf,500,case2,,1.00E-05,90,509,1,9,"fixed errors, case controlled, 10%",
0,tomgro,enkf,1,gnvMod,cps,3,A,wf,wf,500,case3,,1.00E-05,90,510,1,10,"fixed errors, case controlled, 10%",
0,tomgro,pf,1,gnvMod,cps,3,A,wf,wf,500,case1,,1.00E-05,90,511,1,11,"fixed errors, case controlled, 10%",
0,tomgro,ukf,1,gnvMod,cps,5,A,wf,wf,,case1,,1.00E-05,90,512,1,12,"fixed errors, case controlled, 10%",
0,tomgro,enkf,1,gnvMod,cps,5,A,wf,wf,500,case0,,1.00E-05,90,513,1,13,"fixed errors, case controlled, 10%",
0,tomgro,enkf,1,gnvMod,cps,5,A,wf,wf,500,case1,,1.00E-05,90,514,1,14,"fixed errors, case controlled, 10%",
0,tomgro,enkf,1,gnvMod,cps,5,A,wf,wf,500,case2,,1.00E-05,90,515,1,15,"fixed errors, case controlled, 10%",
0,tomgro,enkf,1,gnvMod,cps,5,A,wf,wf,500,case3,,1.00E-05,90,516,1,16,"fixed errors, case controlled, 10%",
0,tomgro,pf,1,gnvMod,cps,5,A,wf,wf,500,case1,,1.00E-05,90,517,1,17,"fixed errors, case controlled, 10%",
0,tomgro,ukf,1,gnvMod,cps,7,A,wf,wf,,case1,,1.00E-05,90,518,1,18,"fixed errors, case controlled, 10%",
0,tomgro,enkf,1,gnvMod,cps,7,A,wf,wf,500,case0,,1.00E-05,90,519,1,19,"fixed errors, case controlled, 10%",
0,tomgro,enkf,1,gnvMod,cps,7,A,wf,wf,500,case1,,1.00E-05,90,520,1,20,"fixed errors, case controlled, 10%",
0,tomgro,enkf,1,gnvMod,cps,7,A,wf,wf,500,case2,,1.00E-05,90,521,1,21,"fixed errors, case controlled, 10%",
0,tomgro,enkf,1,gnvMod,cps,7,A,wf,wf,500,case3,,1.00E-05,90,522,1,22,"fixed errors, case controlled, 10%",
0,tomgro,pf,1,gnvMod,cps,7,A,wf,wf,500,case1,,1.00E-05,90,523,1,23,"fixed errors, case controlled, 10%",
0,tomgro,ukf,1,gnvMod,cps,1,A,wm,wm,,case1,,1.00E-05,60,524,1,24,"fixed errors, case controlled, 10%",
0,tomgro,enkf,1,gnvMod,cps,1,A,wm,wm,500,case0,,1.00E-05,60,525,1,25,"fixed errors, case controlled, 10%",
0,tomgro,enkf,1,gnvMod,cps,1,A,wm,wm,500,case1,,1.00E-05,60,526,1,26,"fixed errors, case controlled, 10%",
0,tomgro,enkf,1,gnvMod,cps,1,A,wm,wm,500,case2,,1.00E-05,60,527,1,27,"fixed errors, case controlled, 10%",
0,tomgro,enkf,1,gnvMod,cps,1,A,wm,wm,500,case3,,1.00E-05,60,528,1,28,"fixed errors, case controlled, 10%",
0,tomgro,pf,1,gnvMod,cps,1,A,wm,wm,500,case1,,1.00E-05,60,529,1,29,"fixed errors, case controlled, 10%",
0,tomgro,ukf,1,gnvMod,cps,3,A,wm,wm,,case1,,1.00E-05,60,530,1,30,"fixed errors, case controlled, 10%",
0,tomgro,enkf,1,gnvMod,cps,3,A,wm,wm,500,case0,,1.00E-05,60,531,1,31,"fixed errors, case controlled, 10%",
0,tomgro,enkf,1,gnvMod,cps,3,A,wm,wm,500,case1,,1.00E-05,60,532,1,32,"fixed errors, case controlled, 10%",
0,tomgro,enkf,1,gnvMod,cps,3,A,wm,wm,500,case2,,1.00E-05,60,533,1,33,"fixed errors, case controlled, 10%",
0,tomgro,enkf,1,gnvMod,cps,3,A,wm,wm,500,case3,,1.00E-05,60,534,1,34,"fixed errors, case controlled, 10%",
0,tomgro,pf,1,gnvMod,cps,3,A,wm,wm,500,case1,,1.00E-05,60,535,1,35,"fixed errors, case controlled, 10%",
0,tomgro,ukf,1,gnvMod,cps,5,A,wm,wm,,case1,,1.00E-05,60,536,1,36,"fixed errors, case controlled, 10%",
0,tomgro,enkf,1,gnvMod,cps,5,A,wm,wm,500,case0,,1.00E-05,60,537,1,37,"fixed errors, case controlled, 10%",
0,tomgro,enkf,1,gnvMod,cps,5,A,wm,wm,500,case1,,1.00E-05,60,538,1,38,"fixed errors, case controlled, 10%",
0,tomgro,enkf,1,gnvMod,cps,5,A,wm,wm,500,case2,,1.00E-05,60,539,1,39,"fixed errors, case controlled, 10%",
0,tomgro,enkf,1,gnvMod,cps,5,A,wm,wm,500,case3,,1.00E-05,60,540,1,40,"fixed errors, case controlled, 10%",
0,tomgro,pf,1,gnvMod,cps,5,A,wm,wm,500,case1,,1.00E-05,60,541,1,41,"fixed errors, case controlled, 10%",
0,tomgro,ukf,1,gnvMod,cps,7,A,wm,wm,,case1,,1.00E-05,60,542,1,42,"fixed errors, case controlled, 10%",
0,tomgro,enkf,1,gnvMod,cps,7,A,wm,wm,500,case0,,1.00E-05,60,543,1,43,"fixed errors, case controlled, 10%",
0,tomgro,enkf,1,gnvMod,cps,7,A,wm,wm,500,case1,,1.00E-05,60,544,1,44,"fixed errors, case controlled, 10%",
0,tomgro,enkf,1,gnvMod,cps,7,A,wm,wm,500,case2,,1.00E-05,60,545,1,45,"fixed errors, case controlled, 10%",
0,tomgro,enkf,1,gnvMod,cps,7,A,wm,wm,500,case3,,1.00E-05,60,546,1,46,"fixed errors, case controlled, 10%",
0,tomgro,pf,1,gnvMod,cps,7,A,wm,wm,500,case1,,1.00E-05,60,547,1,47,"fixed errors, case controlled, 10%",
0,tomgro,ukf,1,gnvMod,cps,1,A,wf,wf,,case1,,1.00E-05,90,548,2,0,"fixed errors, case controlled, 30%",
0,tomgro,enkf,1,gnvMod,cps,1,A,wf,wf,500,case0,,1.00E-05,90,549,2,1,"fixed errors, case controlled, 30%",
0,tomgro,enkf,1,gnvMod,cps,1,A,wf,wf,500,case1,,1.00E-05,90,550,2,2,"fixed errors, case controlled, 30%",
0,tomgro,enkf,1,gnvMod,cps,1,A,wf,wf,500,case2,,1.00E-05,90,551,2,3,"fixed errors, case controlled, 30%",
0,tomgro,enkf,1,gnvMod,cps,1,A,wf,wf,500,case3,,1.00E-05,90,552,2,4,"fixed errors, case controlled, 30%",
0,tomgro,pf,1,gnvMod,cps,1,A,wf,wf,500,case1,,1.00E-05,90,553,2,5,"fixed errors, case controlled, 30%",
0,tomgro,ukf,1,gnvMod,cps,3,A,wf,wf,,case1,,1.00E-05,90,554,2,6,"fixed errors, case controlled, 30%",
0,tomgro,enkf,1,gnvMod,cps,3,A,wf,wf,500,case0,,1.00E-05,90,555,2,7,"fixed errors, case controlled, 30%",
0,tomgro,enkf,1,gnvMod,cps,3,A,wf,wf,500,case1,,1.00E-05,90,556,2,8,"fixed errors, case controlled, 30%",
0,tomgro,enkf,1,gnvMod,cps,3,A,wf,wf,500,case2,,1.00E-05,90,557,2,9,"fixed errors, case controlled, 30%",
0,tomgro,enkf,1,gnvMod,cps,3,A,wf,wf,500,case3,,1.00E-05,90,558,2,10,"fixed errors, case controlled, 30%",
0,tomgro,pf,1,gnvMod,cps,3,A,wf,wf,500,case1,,1.00E-05,90,559,2,11,"fixed errors, case controlled, 30%",
0,tomgro,ukf,1,gnvMod,cps,5,A,wf,wf,,case1,,1.00E-05,90,560,2,12,"fixed errors, case controlled, 30%",
0,tomgro,enkf,1,gnvMod,cps,5,A,wf,wf,500,case0,,1.00E-05,90,561,2,13,"fixed errors, case controlled, 30%",
0,tomgro,enkf,1,gnvMod,cps,5,A,wf,wf,500,case1,,1.00E-05,90,562,2,14,"fixed errors, case controlled, 30%",
0,tomgro,enkf,1,gnvMod,cps,5,A,wf,wf,500,case2,,1.00E-05,90,563,2,15,"fixed errors, case controlled, 30%",
0,tomgro,enkf,1,gnvMod,cps,5,A,wf,wf,500,case3,,1.00E-05,90,564,2,16,"fixed errors, case controlled, 30%",
0,tomgro,pf,1,gnvMod,cps,5,A,wf,wf,500,case1,,1.00E-05,90,565,2,17,"fixed errors, case controlled, 30%",
0,tomgro,ukf,1,gnvMod,cps,7,A,wf,wf,,case1,,1.00E-05,90,566,2,18,"fixed errors, case controlled, 30%",
0,tomgro,enkf,1,gnvMod,cps,7,A,wf,wf,500,case0,,1.00E-05,90,567,2,19,"fixed errors, case controlled, 30%",
0,tomgro,enkf,1,gnvMod,cps,7,A,wf,wf,500,case1,,1.00E-05,90,568,2,20,"fixed errors, case controlled, 30%",
0,tomgro,enkf,1,gnvMod,cps,7,A,wf,wf,500,case2,,1.00E-05,90,569,2,21,"fixed errors, case controlled, 30%",
0,tomgro,enkf,1,gnvMod,cps,7,A,wf,wf,500,case3,,1.00E-05,90,570,2,22,"fixed errors, case controlled, 30%",
0,tomgro,pf,1,gnvMod,cps,7,A,wf,wf,500,case1,,1.00E-05,90,571,2,23,"fixed errors, case controlled, 30%",
0,tomgro,ukf,1,gnvMod,cps,1,A,wm,wm,,case1,,1.00E-05,60,572,2,24,"fixed errors, case controlled, 30%",
0,tomgro,enkf,1,gnvMod,cps,1,A,wm,wm,500,case0,,1.00E-05,60,573,2,25,"fixed errors, case controlled, 30%",
0,tomgro,enkf,1,gnvMod,cps,1,A,wm,wm,500,case1,,1.00E-05,60,574,2,26,"fixed errors, case controlled, 30%",
0,tomgro,enkf,1,gnvMod,cps,1,A,wm,wm,500,case2,,1.00E-05,60,575,2,27,"fixed errors, case controlled, 30%",
0,tomgro,enkf,1,gnvMod,cps,1,A,wm,wm,500,case3,,1.00E-05,60,576,2,28,"fixed errors, case controlled, 30%",
0,tomgro,pf,1,gnvMod,cps,1,A,wm,wm,500,case1,,1.00E-05,60,577,2,29,"fixed errors, case controlled, 30%",
0,tomgro,ukf,1,gnvMod,cps,3,A,wm,wm,,case1,,1.00E-05,60,578,2,30,"fixed errors, case controlled, 30%",
0,tomgro,enkf,1,gnvMod,cps,3,A,wm,wm,500,case0,,1.00E-05,60,579,2,31,"fixed errors, case controlled, 30%",
0,tomgro,enkf,1,gnvMod,cps,3,A,wm,wm,500,case1,,1.00E-05,60,580,2,32,"fixed errors, case controlled, 30%",
0,tomgro,enkf,1,gnvMod,cps,3,A,wm,wm,500,case2,,1.00E-05,60,581,2,33,"fixed errors, case controlled, 30%",
0,tomgro,enkf,1,gnvMod,cps,3,A,wm,wm,500,case3,,1.00E-05,60,582,2,34,"fixed errors, case controlled, 30%",
0,tomgro,pf,1,gnvMod,cps,3,A,wm,wm,500,case1,,1.00E-05,60,583,2,35,"fixed errors, case controlled, 30%",
0,tomgro,ukf,1,gnvMod,cps,5,A,wm,wm,,case1,,1.00E-05,60,584,2,36,"fixed errors, case controlled, 30%",
0,tomgro,enkf,1,gnvMod,cps,5,A,wm,wm,500,case0,,1.00E-05,60,585,2,37,"fixed errors, case controlled, 30%",
0,tomgro,enkf,1,gnvMod,cps,5,A,wm,wm,500,case1,,1.00E-05,60,586,2,38,"fixed errors, case controlled, 30%",
0,tomgro,enkf,1,gnvMod,cps,5,A,wm,wm,500,case2,,1.00E-05,60,587,2,39,"fixed errors, case controlled, 30%",
0,tomgro,enkf,1,gnvMod,cps,5,A,wm,wm,500,case3,,1.00E-05,60,588,2,40,"fixed errors, case controlled, 30%",
0,tomgro,pf,1,gnvMod,cps,5,A,wm,wm,500,case1,,1.00E-05,60,589,2,41,"fixed errors, case controlled, 30%",
0,tomgro,ukf,1,gnvMod,cps,7,A,wm,wm,,case1,,1.00E-05,60,590,2,42,"fixed errors, case controlled, 30%",
0,tomgro,enkf,1,gnvMod,cps,7,A,wm,wm,500,case0,,1.00E-05,60,591,2,43,"fixed errors, case controlled, 30%",
0,tomgro,enkf,1,gnvMod,cps,7,A,wm,wm,500,case1,,1.00E-05,60,592,2,44,"fixed errors, case controlled, 30%",
0,tomgro,enkf,1,gnvMod,cps,7,A,wm,wm,500,case2,,1.00E-05,60,593,2,45,"fixed errors, case controlled, 30%",
0,tomgro,enkf,1,gnvMod,cps,7,A,wm,wm,500,case3,,1.00E-05,60,594,2,46,"fixed errors, case controlled, 30%",
0,tomgro,pf,1,gnvMod,cps,7,A,wm,wm,500,case1,,1.00E-05,60,595,2,47,"fixed errors, case controlled, 30%",
0,tomgro,ukf,1,gnvMod,cps,1,A,wf,wf,,case1,,1.00E-05,90,596,3,0,"fixed errors, case controlled, 50%",
0,tomgro,enkf,1,gnvMod,cps,1,A,wf,wf,500,case0,,1.00E-05,90,597,3,1,"fixed errors, case controlled, 50%",
0,tomgro,enkf,1,gnvMod,cps,1,A,wf,wf,500,case1,,1.00E-05,90,598,3,2,"fixed errors, case controlled, 50%",
0,tomgro,enkf,1,gnvMod,cps,1,A,wf,wf,500,case2,,1.00E-05,90,599,3,3,"fixed errors, case controlled, 50%",
0,tomgro,enkf,1,gnvMod,cps,1,A,wf,wf,500,case3,,1.00E-05,90,600,3,4,"fixed errors, case controlled, 50%",
0,tomgro,pf,1,gnvMod,cps,1,A,wf,wf,500,case1,,1.00E-05,90,601,3,5,"fixed errors, case controlled, 50%",
0,tomgro,ukf,1,gnvMod,cps,3,A,wf,wf,,case1,,1.00E-05,90,602,3,6,"fixed errors, case controlled, 50%",
0,tomgro,enkf,1,gnvMod,cps,3,A,wf,wf,500,case0,,1.00E-05,90,603,3,7,"fixed errors, case controlled, 50%",
0,tomgro,enkf,1,gnvMod,cps,3,A,wf,wf,500,case1,,1.00E-05,90,604,3,8,"fixed errors, case controlled, 50%",
0,tomgro,enkf,1,gnvMod,cps,3,A,wf,wf,500,case2,,1.00E-05,90,605,3,9,"fixed errors, case controlled, 50%",
0,tomgro,enkf,1,gnvMod,cps,3,A,wf,wf,500,case3,,1.00E-05,90,606,3,10,"fixed errors, case controlled, 50%",
0,tomgro,pf,1,gnvMod,cps,3,A,wf,wf,500,case1,,1.00E-05,90,607,3,11,"fixed errors, case controlled, 50%",
0,tomgro,ukf,1,gnvMod,cps,5,A,wf,wf,,case1,,1.00E-05,90,608,3,12,"fixed errors, case controlled, 50%",
0,tomgro,enkf,1,gnvMod,cps,5,A,wf,wf,500,case0,,1.00E-05,90,609,3,13,"fixed errors, case controlled, 50%",
0,tomgro,enkf,1,gnvMod,cps,5,A,wf,wf,500,case1,,1.00E-05,90,610,3,14,"fixed errors, case controlled, 50%",
0,tomgro,enkf,1,gnvMod,cps,5,A,wf,wf,500,case2,,1.00E-05,90,611,3,15,"fixed errors, case controlled, 50%",
0,tomgro,enkf,1,gnvMod,cps,5,A,wf,wf,500,case3,,1.00E-05,90,612,3,16,"fixed errors, case controlled, 50%",
0,tomgro,pf,1,gnvMod,cps,5,A,wf,wf,500,case1,,1.00E-05,90,613,3,17,"fixed errors, case controlled, 50%",
0,tomgro,ukf,1,gnvMod,cps,7,A,wf,wf,,case1,,1.00E-05,90,614,3,18,"fixed errors, case controlled, 50%",
0,tomgro,enkf,1,gnvMod,cps,7,A,wf,wf,500,case0,,1.00E-05,90,615,3,19,"fixed errors, case controlled, 50%",
0,tomgro,enkf,1,gnvMod,cps,7,A,wf,wf,500,case1,,1.00E-05,90,616,3,20,"fixed errors, case controlled, 50%",
0,tomgro,enkf,1,gnvMod,cps,7,A,wf,wf,500,case2,,1.00E-05,90,617,3,21,"fixed errors, case controlled, 50%",
0,tomgro,enkf,1,gnvMod,cps,7,A,wf,wf,500,case3,,1.00E-05,90,618,3,22,"fixed errors, case controlled, 50%",
0,tomgro,pf,1,gnvMod,cps,7,A,wf,wf,500,case1,,1.00E-05,90,619,3,23,"fixed errors, case controlled, 50%",
0,tomgro,ukf,1,gnvMod,cps,1,A,wm,wm,,case1,,1.00E-05,60,620,3,24,"fixed errors, case controlled, 50%",
0,tomgro,enkf,1,gnvMod,cps,1,A,wm,wm,500,case0,,1.00E-05,60,621,3,25,"fixed errors, case controlled, 50%",
0,tomgro,enkf,1,gnvMod,cps,1,A,wm,wm,500,case1,,1.00E-05,60,622,3,26,"fixed errors, case controlled, 50%",
0,tomgro,enkf,1,gnvMod,cps,1,A,wm,wm,500,case2,,1.00E-05,60,623,3,27,"fixed errors, case controlled, 50%",
0,tomgro,enkf,1,gnvMod,cps,1,A,wm,wm,500,case3,,1.00E-05,60,624,3,28,"fixed errors, case controlled, 50%",
0,tomgro,pf,1,gnvMod,cps,1,A,wm,wm,500,case1,,1.00E-05,60,625,3,29,"fixed errors, case controlled, 50%",
0,tomgro,ukf,1,gnvMod,cps,3,A,wm,wm,,case1,,1.00E-05,60,626,3,30,"fixed errors, case controlled, 50%",
0,tomgro,enkf,1,gnvMod,cps,3,A,wm,wm,500,case0,,1.00E-05,60,627,3,31,"fixed errors, case controlled, 50%",
0,tomgro,enkf,1,gnvMod,cps,3,A,wm,wm,500,case1,,1.00E-05,60,628,3,32,"fixed errors, case controlled, 50%",
0,tomgro,enkf,1,gnvMod,cps,3,A,wm,wm,500,case2,,1.00E-05,60,629,3,33,"fixed errors, case controlled, 50%",
0,tomgro,enkf,1,gnvMod,cps,3,A,wm,wm,500,case3,,1.00E-05,60,630,3,34,"fixed errors, case controlled, 50%",
0,tomgro,pf,1,gnvMod,cps,3,A,wm,wm,500,case1,,1.00E-05,60,631,3,35,"fixed errors, case controlled, 50%",
0,tomgro,ukf,1,gnvMod,cps,5,A,wm,wm,,case1,,1.00E-05,60,632,3,36,"fixed errors, case controlled, 50%",
0,tomgro,enkf,1,gnvMod,cps,5,A,wm,wm,500,case0,,1.00E-05,60,633,3,37,"fixed errors, case controlled, 50%",
0,tomgro,enkf,1,gnvMod,cps,5,A,wm,wm,500,case1,,1.00E-05,60,634,3,38,"fixed errors, case controlled, 50%",
0,tomgro,enkf,1,gnvMod,cps,5,A,wm,wm,500,case2,,1.00E-05,60,635,3,39,"fixed errors, case controlled, 50%",
0,tomgro,enkf,1,gnvMod,cps,5,A,wm,wm,500,case3,,1.00E-05,60,636,3,40,"fixed errors, case controlled, 50%",
0,tomgro,pf,1,gnvMod,cps,5,A,wm,wm,500,case1,,1.00E-05,60,637,3,41,"fixed errors, case controlled, 50%",
0,tomgro,ukf,1,gnvMod,cps,7,A,wm,wm,,case1,,1.00E-05,60,638,3,42,"fixed errors, case controlled, 50%",
0,tomgro,enkf,1,gnvMod,cps,7,A,wm,wm,500,case0,,1.00E-05,60,639,3,43,"fixed errors, case controlled, 50%",
0,tomgro,enkf,1,gnvMod,cps,7,A,wm,wm,500,case1,,1.00E-05,60,640,3,44,"fixed errors, case controlled, 50%",
0,tomgro,enkf,1,gnvMod,cps,7,A,wm,wm,500,case2,,1.00E-05,60,641,3,45,"fixed errors, case controlled, 50%",
0,tomgro,enkf,1,gnvMod,cps,7,A,wm,wm,500,case3,,1.00E-05,60,642,3,46,"fixed errors, case controlled, 50%",
0,tomgro,pf,1,gnvMod,cps,7,A,wm,wm,500,case1,,1.00E-05,60,643,3,47,"fixed errors, case controlled, 50%",
0,tomgro,ukf,1,gnvMod,cps,1,A,wf,wf,,case1,,1.00E-05,,644,4,0,"variable model error, case controlled, 10%",
0,tomgro,enkf,1,gnvMod,cps,1,A,wf,wf,500,case0,,1.00E-05,,645,4,1,"variable model error, case controlled, 10%",
0,tomgro,enkf,1,gnvMod,cps,1,A,wf,wf,500,case1,,1.00E-05,,646,4,2,"variable model error, case controlled, 10%",
0,tomgro,enkf,1,gnvMod,cps,1,A,wf,wf,500,case2,,1.00E-05,,647,4,3,"variable model error, case controlled, 10%",
0,tomgro,enkf,1,gnvMod,cps,1,A,wf,wf,500,case3,,1.00E-05,,648,4,4,"variable model error, case controlled, 10%",
0,tomgro,pf,1,gnvMod,cps,1,A,wf,wf,500,case1,,1.00E-05,,649,4,5,"variable model error, case controlled, 10%",
0,tomgro,ukf,1,gnvMod,cps,3,A,wf,wf,,case1,,1.00E-05,,650,4,6,"variable model error, case controlled, 10%",
0,tomgro,enkf,1,gnvMod,cps,3,A,wf,wf,500,case0,,1.00E-05,,651,4,7,"variable model error, case controlled, 10%",
0,tomgro,enkf,1,gnvMod,cps,3,A,wf,wf,500,case1,,1.00E-05,,652,4,8,"variable model error, case controlled, 10%",
0,tomgro,enkf,1,gnvMod,cps,3,A,wf,wf,500,case2,,1.00E-05,,653,4,9,"variable model error, case controlled, 10%",
0,tomgro,enkf,1,gnvMod,cps,3,A,wf,wf,500,case3,,1.00E-05,,654,4,10,"variable model error, case controlled, 10%",
0,tomgro,pf,1,gnvMod,cps,3,A,wf,wf,500,case1,,1.00E-05,,655,4,11,"variable model error, case controlled, 10%",
0,tomgro,ukf,1,gnvMod,cps,5,A,wf,wf,,case1,,1.00E-05,,656,4,12,"variable model error, case controlled, 10%",
0,tomgro,enkf,1,gnvMod,cps,5,A,wf,wf,500,case0,,1.00E-05,,657,4,13,"variable model error, case controlled, 10%",
0,tomgro,enkf,1,gnvMod,cps,5,A,wf,wf,500,case1,,1.00E-05,,658,4,14,"variable model error, case controlled, 10%",
0,tomgro,enkf,1,gnvMod,cps,5,A,wf,wf,500,case2,,1.00E-05,,659,4,15,"variable model error, case controlled, 10%",
0,tomgro,enkf,1,gnvMod,cps,5,A,wf,wf,500,case3,,1.00E-05,,660,4,16,"variable model error, case controlled, 10%",
0,tomgro,pf,1,gnvMod,cps,5,A,wf,wf,500,case1,,1.00E-05,,661,4,17,"variable model error, case controlled, 10%",
0,tomgro,ukf,1,gnvMod,cps,7,A,wf,wf,,case1,,1.00E-05,,662,4,18,"variable model error, case controlled, 10%",
0,tomgro,enkf,1,gnvMod,cps,7,A,wf,wf,500,case0,,1.00E-05,,663,4,19,"variable model error, case controlled, 10%",
0,tomgro,enkf,1,gnvMod,cps,7,A,wf,wf,500,case1,,1.00E-05,,664,4,20,"variable model error, case controlled, 10%",
0,tomgro,enkf,1,gnvMod,cps,7,A,wf,wf,500,case2,,1.00E-05,,665,4,21,"variable model error, case controlled, 10%",
0,tomgro,enkf,1,gnvMod,cps,7,A,wf,wf,500,case3,,1.00E-05,,666,4,22,"variable model error, case controlled, 10%",
0,tomgro,pf,1,gnvMod,cps,7,A,wf,wf,500,case1,,1.00E-05,,667,4,23,"variable model error, case controlled, 10%",
0,tomgro,ukf,1,gnvMod,cps,1,A,wm,wm,,case1,,1.00E-05,,668,4,24,"variable model error, case controlled, 10%",
0,tomgro,enkf,1,gnvMod,cps,1,A,wm,wm,500,case0,,1.00E-05,,669,4,25,"variable model error, case controlled, 10%",
0,tomgro,enkf,1,gnvMod,cps,1,A,wm,wm,500,case1,,1.00E-05,,670,4,26,"variable model error, case controlled, 10%",
0,tomgro,enkf,1,gnvMod,cps,1,A,wm,wm,500,case2,,1.00E-05,,671,4,27,"variable model error, case controlled, 10%",
0,tomgro,enkf,1,gnvMod,cps,1,A,wm,wm,500,case3,,1.00E-05,,672,4,28,"variable model error, case controlled, 10%",
0,tomgro,pf,1,gnvMod,cps,1,A,wm,wm,500,case1,,1.00E-05,,673,4,29,"variable model error, case controlled, 10%",
0,tomgro,ukf,1,gnvMod,cps,3,A,wm,wm,,case1,,1.00E-05,,674,4,30,"variable model error, case controlled, 10%",
0,tomgro,enkf,1,gnvMod,cps,3,A,wm,wm,500,case0,,1.00E-05,,675,4,31,"variable model error, case controlled, 10%",
0,tomgro,enkf,1,gnvMod,cps,3,A,wm,wm,500,case1,,1.00E-05,,676,4,32,"variable model error, case controlled, 10%",
0,tomgro,enkf,1,gnvMod,cps,3,A,wm,wm,500,case2,,1.00E-05,,677,4,33,"variable model error, case controlled, 10%",
0,tomgro,enkf,1,gnvMod,cps,3,A,wm,wm,500,case3,,1.00E-05,,678,4,34,"variable model error, case controlled, 10%",
0,tomgro,pf,1,gnvMod,cps,3,A,wm,wm,500,case1,,1.00E-05,,679,4,35,"variable model error, case controlled, 10%",
0,tomgro,ukf,1,gnvMod,cps,5,A,wm,wm,,case1,,1.00E-05,,680,4,36,"variable model error, case controlled, 10%",
0,tomgro,enkf,1,gnvMod,cps,5,A,wm,wm,500,case0,,1.00E-05,,681,4,37,"variable model error, case controlled, 10%",
0,tomgro,enkf,1,gnvMod,cps,5,A,wm,wm,500,case1,,1.00E-05,,682,4,38,"variable model error, case controlled, 10%",
0,tomgro,enkf,1,gnvMod,cps,5,A,wm,wm,500,case2,,1.00E-05,,683,4,39,"variable model error, case controlled, 10%",
0,tomgro,enkf,1,gnvMod,cps,5,A,wm,wm,500,case3,,1.00E-05,,684,4,40,"variable model error, case controlled, 10%",
0,tomgro,pf,1,gnvMod,cps,5,A,wm,wm,500,case1,,1.00E-05,,685,4,41,"variable model error, case controlled, 10%",
0,tomgro,ukf,1,gnvMod,cps,7,A,wm,wm,,case1,,1.00E-05,,686,4,42,"variable model error, case controlled, 10%",
0,tomgro,enkf,1,gnvMod,cps,7,A,wm,wm,500,case0,,1.00E-05,,687,4,43,"variable model error, case controlled, 10%",
0,tomgro,enkf,1,gnvMod,cps,7,A,wm,wm,500,case1,,1.00E-05,,688,4,44,"variable model error, case controlled, 10%",
0,tomgro,enkf,1,gnvMod,cps,7,A,wm,wm,500,case2,,1.00E-05,,689,4,45,"variable model error, case controlled, 10%",
0,tomgro,enkf,1,gnvMod,cps,7,A,wm,wm,500,case3,,1.00E-05,,690,4,46,"variable model error, case controlled, 10%",
0,tomgro,pf,1,gnvMod,cps,7,A,wm,wm,500,case1,,1.00E-05,,691,4,47,"variable model error, case controlled, 10%",
0,tomgro,ukf,1,gnvMod,cps,1,A,wf,wf,,case1,,1.00E-05,,692,5,0,"variable model error, case controlled, 30%",
0,tomgro,enkf,1,gnvMod,cps,1,A,wf,wf,500,case0,,1.00E-05,,693,5,1,"variable model error, case controlled, 30%",
0,tomgro,enkf,1,gnvMod,cps,1,A,wf,wf,500,case1,,1.00E-05,,694,5,2,"variable model error, case controlled, 30%",
0,tomgro,enkf,1,gnvMod,cps,1,A,wf,wf,500,case2,,1.00E-05,,695,5,3,"variable model error, case controlled, 30%",
0,tomgro,enkf,1,gnvMod,cps,1,A,wf,wf,500,case3,,1.00E-05,,696,5,4,"variable model error, case controlled, 30%",
0,tomgro,pf,1,gnvMod,cps,1,A,wf,wf,500,case1,,1.00E-05,,697,5,5,"variable model error, case controlled, 30%",
0,tomgro,ukf,1,gnvMod,cps,3,A,wf,wf,,case1,,1.00E-05,,698,5,6,"variable model error, case controlled, 30%",
0,tomgro,enkf,1,gnvMod,cps,3,A,wf,wf,500,case0,,1.00E-05,,699,5,7,"variable model error, case controlled, 30%",
0,tomgro,enkf,1,gnvMod,cps,3,A,wf,wf,500,case1,,1.00E-05,,700,5,8,"variable model error, case controlled, 30%",
0,tomgro,enkf,1,gnvMod,cps,3,A,wf,wf,500,case2,,1.00E-05,,701,5,9,"variable model error, case controlled, 30%",
0,tomgro,enkf,1,gnvMod,cps,3,A,wf,wf,500,case3,,1.00E-05,,702,5,10,"variable model error, case controlled, 30%",
0,tomgro,pf,1,gnvMod,cps,3,A,wf,wf,500,case1,,1.00E-05,,703,5,11,"variable model error, case controlled, 30%",
0,tomgro,ukf,1,gnvMod,cps,5,A,wf,wf,,case1,,1.00E-05,,704,5,12,"variable model error, case controlled, 30%",
0,tomgro,enkf,1,gnvMod,cps,5,A,wf,wf,500,case0,,1.00E-05,,705,5,13,"variable model error, case controlled, 30%",
0,tomgro,enkf,1,gnvMod,cps,5,A,wf,wf,500,case1,,1.00E-05,,706,5,14,"variable model error, case controlled, 30%",
0,tomgro,enkf,1,gnvMod,cps,5,A,wf,wf,500,case2,,1.00E-05,,707,5,15,"variable model error, case controlled, 30%",
0,tomgro,enkf,1,gnvMod,cps,5,A,wf,wf,500,case3,,1.00E-05,,708,5,16,"variable model error, case controlled, 30%",
0,tomgro,pf,1,gnvMod,cps,5,A,wf,wf,500,case1,,1.00E-05,,709,5,17,"variable model error, case controlled, 30%",
0,tomgro,ukf,1,gnvMod,cps,7,A,wf,wf,,case1,,1.00E-05,,710,5,18,"variable model error, case controlled, 30%",
0,tomgro,enkf,1,gnvMod,cps,7,A,wf,wf,500,case0,,1.00E-05,,711,5,19,"variable model error, case controlled, 30%",
0,tomgro,enkf,1,gnvMod,cps,7,A,wf,wf,500,case1,,1.00E-05,,712,5,20,"variable model error, case controlled, 30%",
0,tomgro,enkf,1,gnvMod,cps,7,A,wf,wf,500,case2,,1.00E-05,,713,5,21,"variable model error, case controlled, 30%",
0,tomgro,enkf,1,gnvMod,cps,7,A,wf,wf,500,case3,,1.00E-05,,714,5,22,"variable model error, case controlled, 30%",
0,tomgro,pf,1,gnvMod,cps,7,A,wf,wf,500,case1,,1.00E-05,,715,5,23,"variable model error, case controlled, 30%",
0,tomgro,ukf,1,gnvMod,cps,1,A,wm,wm,,case1,,1.00E-05,,716,5,24,"variable model error, case controlled, 30%",
0,tomgro,enkf,1,gnvMod,cps,1,A,wm,wm,500,case0,,1.00E-05,,717,5,25,"variable model error, case controlled, 30%",
0,tomgro,enkf,1,gnvMod,cps,1,A,wm,wm,500,case1,,1.00E-05,,718,5,26,"variable model error, case controlled, 30%",
0,tomgro,enkf,1,gnvMod,cps,1,A,wm,wm,500,case2,,1.00E-05,,719,5,27,"variable model error, case controlled, 30%",
0,tomgro,enkf,1,gnvMod,cps,1,A,wm,wm,500,case3,,1.00E-05,,720,5,28,"variable model error, case controlled, 30%",
0,tomgro,pf,1,gnvMod,cps,1,A,wm,wm,500,case1,,1.00E-05,,721,5,29,"variable model error, case controlled, 30%",
0,tomgro,ukf,1,gnvMod,cps,3,A,wm,wm,,case1,,1.00E-05,,722,5,30,"variable model error, case controlled, 30%",
0,tomgro,enkf,1,gnvMod,cps,3,A,wm,wm,500,case0,,1.00E-05,,723,5,31,"variable model error, case controlled, 30%",
0,tomgro,enkf,1,gnvMod,cps,3,A,wm,wm,500,case1,,1.00E-05,,724,5,32,"variable model error, case controlled, 30%",
0,tomgro,enkf,1,gnvMod,cps,3,A,wm,wm,500,case2,,1.00E-05,,725,5,33,"variable model error, case controlled, 30%",
0,tomgro,enkf,1,gnvMod,cps,3,A,wm,wm,500,case3,,1.00E-05,,726,5,34,"variable model error, case controlled, 30%",
0,tomgro,pf,1,gnvMod,cps,3,A,wm,wm,500,case1,,1.00E-05,,727,5,35,"variable model error, case controlled, 30%",
0,tomgro,ukf,1,gnvMod,cps,5,A,wm,wm,,case1,,1.00E-05,,728,5,36,"variable model error, case controlled, 30%",
0,tomgro,enkf,1,gnvMod,cps,5,A,wm,wm,500,case0,,1.00E-05,,729,5,37,"variable model error, case controlled, 30%",
0,tomgro,enkf,1,gnvMod,cps,5,A,wm,wm,500,case1,,1.00E-05,,730,5,38,"variable model error, case controlled, 30%",
0,tomgro,enkf,1,gnvMod,cps,5,A,wm,wm,500,case2,,1.00E-05,,731,5,39,"variable model error, case controlled, 30%",
0,tomgro,enkf,1,gnvMod,cps,5,A,wm,wm,500,case3,,1.00E-05,,732,5,40,"variable model error, case controlled, 30%",
0,tomgro,pf,1,gnvMod,cps,5,A,wm,wm,500,case1,,1.00E-05,,733,5,41,"variable model error, case controlled, 30%",
0,tomgro,ukf,1,gnvMod,cps,7,A,wm,wm,,case1,,1.00E-05,,734,5,42,"variable model error, case controlled, 30%",
0,tomgro,enkf,1,gnvMod,cps,7,A,wm,wm,500,case0,,1.00E-05,,735,5,43,"variable model error, case controlled, 30%",
0,tomgro,enkf,1,gnvMod,cps,7,A,wm,wm,500,case1,,1.00E-05,,736,5,44,"variable model error, case controlled, 30%",
0,tomgro,enkf,1,gnvMod,cps,7,A,wm,wm,500,case2,,1.00E-05,,737,5,45,"variable model error, case controlled, 30%",
0,tomgro,enkf,1,gnvMod,cps,7,A,wm,wm,500,case3,,1.00E-05,,738,5,46,"variable model error, case controlled, 30%",
0,tomgro,pf,1,gnvMod,cps,7,A,wm,wm,500,case1,,1.00E-05,,739,5,47,"variable model error, case controlled, 30%",
0,tomgro,ukf,1,gnvMod,cps,1,A,wf,wf,,case1,,1.00E-05,,740,6,0,"variable model error, case controlled, 50%",
0,tomgro,enkf,1,gnvMod,cps,1,A,wf,wf,500,case0,,1.00E-05,,741,6,1,"variable model error, case controlled, 50%",
0,tomgro,enkf,1,gnvMod,cps,1,A,wf,wf,500,case1,,1.00E-05,,742,6,2,"variable model error, case controlled, 50%",
0,tomgro,enkf,1,gnvMod,cps,1,A,wf,wf,500,case2,,1.00E-05,,743,6,3,"variable model error, case controlled, 50%",
0,tomgro,enkf,1,gnvMod,cps,1,A,wf,wf,500,case3,,1.00E-05,,744,6,4,"variable model error, case controlled, 50%",
0,tomgro,pf,1,gnvMod,cps,1,A,wf,wf,500,case1,,1.00E-05,,745,6,5,"variable model error, case controlled, 50%",
0,tomgro,ukf,1,gnvMod,cps,3,A,wf,wf,,case1,,1.00E-05,,746,6,6,"variable model error, case controlled, 50%",
0,tomgro,enkf,1,gnvMod,cps,3,A,wf,wf,500,case0,,1.00E-05,,747,6,7,"variable model error, case controlled, 50%",
0,tomgro,enkf,1,gnvMod,cps,3,A,wf,wf,500,case1,,1.00E-05,,748,6,8,"variable model error, case controlled, 50%",
0,tomgro,enkf,1,gnvMod,cps,3,A,wf,wf,500,case2,,1.00E-05,,749,6,9,"variable model error, case controlled, 50%",
0,tomgro,enkf,1,gnvMod,cps,3,A,wf,wf,500,case3,,1.00E-05,,750,6,10,"variable model error, case controlled, 50%",
0,tomgro,pf,1,gnvMod,cps,3,A,wf,wf,500,case1,,1.00E-05,,751,6,11,"variable model error, case controlled, 50%",
0,tomgro,ukf,1,gnvMod,cps,5,A,wf,wf,,case1,,1.00E-05,,752,6,12,"variable model error, case controlled, 50%",
0,tomgro,enkf,1,gnvMod,cps,5,A,wf,wf,500,case0,,1.00E-05,,753,6,13,"variable model error, case controlled, 50%",
0,tomgro,enkf,1,gnvMod,cps,5,A,wf,wf,500,case1,,1.00E-05,,754,6,14,"variable model error, case controlled, 50%",
0,tomgro,enkf,1,gnvMod,cps,5,A,wf,wf,500,case2,,1.00E-05,,755,6,15,"variable model error, case controlled, 50%",
0,tomgro,enkf,1,gnvMod,cps,5,A,wf,wf,500,case3,,1.00E-05,,756,6,16,"variable model error, case controlled, 50%",
0,tomgro,pf,1,gnvMod,cps,5,A,wf,wf,500,case1,,1.00E-05,,757,6,17,"variable model error, case controlled, 50%",
0,tomgro,ukf,1,gnvMod,cps,7,A,wf,wf,,case1,,1.00E-05,,758,6,18,"variable model error, case controlled, 50%",
0,tomgro,enkf,1,gnvMod,cps,7,A,wf,wf,500,case0,,1.00E-05,,759,6,19,"variable model error, case controlled, 50%",
0,tomgro,enkf,1,gnvMod,cps,7,A,wf,wf,500,case1,,1.00E-05,,760,6,20,"variable model error, case controlled, 50%",
0,tomgro,enkf,1,gnvMod,cps,7,A,wf,wf,500,case2,,1.00E-05,,761,6,21,"variable model error, case controlled, 50%",
0,tomgro,enkf,1,gnvMod,cps,7,A,wf,wf,500,case3,,1.00E-05,,762,6,22,"variable model error, case controlled, 50%",
0,tomgro,pf,1,gnvMod,cps,7,A,wf,wf,500,case1,,1.00E-05,,763,6,23,"variable model error, case controlled, 50%",
0,tomgro,ukf,1,gnvMod,cps,1,A,wm,wm,,case1,,1.00E-05,,764,6,24,"variable model error, case controlled, 50%",
0,tomgro,enkf,1,gnvMod,cps,1,A,wm,wm,500,case0,,1.00E-05,,765,6,25,"variable model error, case controlled, 50%",
0,tomgro,enkf,1,gnvMod,cps,1,A,wm,wm,500,case1,,1.00E-05,,766,6,26,"variable model error, case controlled, 50%",
0,tomgro,enkf,1,gnvMod,cps,1,A,wm,wm,500,case2,,1.00E-05,,767,6,27,"variable model error, case controlled, 50%",
0,tomgro,enkf,1,gnvMod,cps,1,A,wm,wm,500,case3,,1.00E-05,,768,6,28,"variable model error, case controlled, 50%",
0,tomgro,pf,1,gnvMod,cps,1,A,wm,wm,500,case1,,1.00E-05,,769,6,29,"variable model error, case controlled, 50%",
0,tomgro,ukf,1,gnvMod,cps,3,A,wm,wm,,case1,,1.00E-05,,770,6,30,"variable model error, case controlled, 50%",
0,tomgro,enkf,1,gnvMod,cps,3,A,wm,wm,500,case0,,1.00E-05,,771,6,31,"variable model error, case controlled, 50%",
0,tomgro,enkf,1,gnvMod,cps,3,A,wm,wm,500,case1,,1.00E-05,,772,6,32,"variable model error, case controlled, 50%",
0,tomgro,enkf,1,gnvMod,cps,3,A,wm,wm,500,case2,,1.00E-05,,773,6,33,"variable model error, case controlled, 50%",
0,tomgro,enkf,1,gnvMod,cps,3,A,wm,wm,500,case3,,1.00E-05,,774,6,34,"variable model error, case controlled, 50%",
0,tomgro,pf,1,gnvMod,cps,3,A,wm,wm,500,case1,,1.00E-05,,775,6,35,"variable model error, case controlled, 50%",
0,tomgro,ukf,1,gnvMod,cps,5,A,wm,wm,,case1,,1.00E-05,,776,6,36,"variable model error, case controlled, 50%",
0,tomgro,enkf,1,gnvMod,cps,5,A,wm,wm,500,case0,,1.00E-05,,777,6,37,"variable model error, case controlled, 50%",
0,tomgro,enkf,1,gnvMod,cps,5,A,wm,wm,500,case1,,1.00E-05,,778,6,38,"variable model error, case controlled, 50%",
0,tomgro,enkf,1,gnvMod,cps,5,A,wm,wm,500,case2,,1.00E-05,,779,6,39,"variable model error, case controlled, 50%",
0,tomgro,enkf,1,gnvMod,cps,5,A,wm,wm,500,case3,,1.00E-05,,780,6,40,"variable model error, case controlled, 50%",
0,tomgro,pf,1,gnvMod,cps,5,A,wm,wm,500,case1,,1.00E-05,,781,6,41,"variable model error, case controlled, 50%",
0,tomgro,ukf,1,gnvMod,cps,7,A,wm,wm,,case1,,1.00E-05,,782,6,42,"variable model error, case controlled, 50%",
0,tomgro,enkf,1,gnvMod,cps,7,A,wm,wm,500,case0,,1.00E-05,,783,6,43,"variable model error, case controlled, 50%",
0,tomgro,enkf,1,gnvMod,cps,7,A,wm,wm,500,case1,,1.00E-05,,784,6,44,"variable model error, case controlled, 50%",
0,tomgro,enkf,1,gnvMod,cps,7,A,wm,wm,500,case2,,1.00E-05,,785,6,45,"variable model error, case controlled, 50%",
0,tomgro,enkf,1,gnvMod,cps,7,A,wm,wm,500,case3,,1.00E-05,,786,6,46,"variable model error, case controlled, 50%",
0,tomgro,pf,1,gnvMod,cps,7,A,wm,wm,500,case1,,1.00E-05,,787,6,47,"variable model error, case controlled, 50%",
1,tomgro,enkf,1,gnvMod,cps,1,A,wf,wf,250,case2,,0.00001,,788,7,0,"ensemble size, case controlled, 30% and variable ME",
1,tomgro,enkf,1,gnvMod,cps,3,A,wf,wf,250,case2,,0.00001,,789,7,1,"ensemble size, case controlled, 30% and variable ME",
1,tomgro,enkf,1,gnvMod,cps,5,A,wf,wf,250,case2,,0.00001,,790,7,2,"ensemble size, case controlled, 30% and variable ME",
1,tomgro,enkf,1,gnvMod,cps,7,A,wf,wf,250,case2,,0.00001,,791,7,3,"ensemble size, case controlled, 30% and variable ME",
1,tomgro,enkf,1,gnvMod,cps,1,A,wf,wf,1000,case2,,0.00001,,792,7,4,"ensemble size, case controlled, 30% and variable ME",
1,tomgro,enkf,1,gnvMod,cps,3,A,wf,wf,1000,case2,,0.00001,,793,7,5,"ensemble size, case controlled, 30% and variable ME",
1,tomgro,enkf,1,gnvMod,cps,5,A,wf,wf,1000,case2,,0.00001,,794,7,6,"ensemble size, case controlled, 30% and variable ME",
1,tomgro,enkf,1,gnvMod,cps,7,A,wf,wf,1000,case2,,0.00001,,795,7,7,"ensemble size, case controlled, 30% and variable ME",
1,tomgro,enkf,1,gnvMod,cps,1,A,wm,wm,250,case2,,0.00001,,796,7,8,"ensemble size, case controlled, 30% and variable ME",
1,tomgro,enkf,1,gnvMod,cps,3,A,wm,wm,250,case2,,0.00001,,797,7,9,"ensemble size, case controlled, 30% and variable ME",
1,tomgro,enkf,1,gnvMod,cps,5,A,wm,wm,250,case2,,0.00001,,798,7,10,"ensemble size, case controlled, 30% and variable ME",
1,tomgro,enkf,1,gnvMod,cps,7,A,wm,wm,250,case2,,0.00001,,799,7,11,"ensemble size, case controlled, 30% and variable ME",
1,tomgro,enkf,1,gnvMod,cps,1,A,wm,wm,1000,case2,,0.00001,,800,7,12,"ensemble size, case controlled, 30% and variable ME",
1,tomgro,enkf,1,gnvMod,cps,3,A,wm,wm,1000,case2,,0.00001,,801,7,13,"ensemble size, case controlled, 30% and variable ME",
1,tomgro,enkf,1,gnvMod,cps,5,A,wm,wm,1000,case2,,0.00001,,802,7,14,"ensemble size, case controlled, 30% and variable ME",
1,tomgro,enkf,1,gnvMod,cps,7,A,wm,wm,1000,case2,,0.00001,,803,7,15,"ensemble size, case controlled, 30% and variable ME",
1,tomgro,pf,1,gnvMod,cps,1,A,wf,wf,5000,case1,,0.00001,,804,7,16,"ensemble size, case controlled, 30% and variable ME",
1,tomgro,pf,1,gnvMod,cps,3,A,wf,wf,5000,case1,,0.00001,,805,7,17,"ensemble size, case controlled, 30% and variable ME",
1,tomgro,pf,1,gnvMod,cps,5,A,wf,wf,5000,case1,,0.00001,,806,7,18,"ensemble size, case controlled, 30% and variable ME",
1,tomgro,pf,1,gnvMod,cps,7,A,wf,wf,5000,case1,,0.00001,,807,7,19,"ensemble size, case controlled, 30% and variable ME",
1,tomgro,pf,1,gnvMod,cps,1,A,wf,wf,50000,case1,,0.00001,,808,7,20,"ensemble size, case controlled, 30% and variable ME",
1,tomgro,pf,1,gnvMod,cps,3,A,wf,wf,50000,case1,,0.00001,,809,7,21,"ensemble size, case controlled, 30% and variable ME",
1,tomgro,pf,1,gnvMod,cps,5,A,wf,wf,50000,case1,,0.00001,,810,7,22,"ensemble size, case controlled, 30% and variable ME",
1,tomgro,pf,1,gnvMod,cps,7,A,wf,wf,50000,case1,,0.00001,,811,7,23,"ensemble size, case controlled, 30% and variable ME",
1,tomgro,pf,1,gnvMod,cps,1,A,wm,wm,5000,case1,,0.00001,,812,7,24,"ensemble size, case controlled, 30% and variable ME",
1,tomgro,pf,1,gnvMod,cps,3,A,wm,wm,5000,case1,,0.00001,,813,7,25,"ensemble size, case controlled, 30% and variable ME",
1,tomgro,pf,1,gnvMod,cps,5,A,wm,wm,5000,case1,,0.00001,,814,7,26,"ensemble size, case controlled, 30% and variable ME",
1,tomgro,pf,1,gnvMod,cps,7,A,wm,wm,5000,case1,,0.00001,,815,7,27,"ensemble size, case controlled, 30% and variable ME",
1,tomgro,pf,1,gnvMod,cps,1,A,wm,wm,50000,case1,,0.00001,,816,7,28,"ensemble size, case controlled, 30% and variable ME",
1,tomgro,pf,1,gnvMod,cps,3,A,wm,wm,50000,case1,,0.00001,,817,7,29,"ensemble size, case controlled, 30% and variable ME",
1,tomgro,pf,1,gnvMod,cps,5,A,wm,wm,50000,case1,,0.00001,,818,7,30,"ensemble size, case controlled, 30% and variable ME",
1,tomgro,pf,1,gnvMod,cps,7,A,wm,wm,50000,case1,,0.00001,,819,7,31,"ensemble size, case controlled, 30% and variable ME",
0,tomgro,ukf,0.5,gnvMod,cps,1,A,wm,wm,,case1,,0.00001,,820,8,0,"frequency, case controlled, variable ME and 10%",
0,tomgro,ukf,0.5,gnvMod,cps,3,A,wm,wm,,case1,,0.00001,,821,8,1,"frequency, case controlled, variable ME and 10%",
0,tomgro,ukf,0.5,gnvMod,cps,5,A,wm,wm,,case1,,0.00001,,822,8,2,"frequency, case controlled, variable ME and 10%",
0,tomgro,ukf,0.5,gnvMod,cps,7,A,wm,wm,,case1,,0.00001,,823,8,3,"frequency, case controlled, variable ME and 10%",
0,tomgro,enkf,0.5,gnvMod,cps,1,A,wm,wm,500,case2,,0.00001,,824,8,4,"frequency, case controlled, variable ME and 10%",
0,tomgro,enkf,0.5,gnvMod,cps,3,A,wm,wm,500,case2,,0.00001,,825,8,5,"frequency, case controlled, variable ME and 10%",
0,tomgro,enkf,0.5,gnvMod,cps,5,A,wm,wm,500,case2,,0.00001,,826,8,6,"frequency, case controlled, variable ME and 10%",
0,tomgro,enkf,0.5,gnvMod,cps,7,A,wm,wm,500,case2,,0.00001,,827,8,7,"frequency, case controlled, variable ME and 10%",
0,tomgro,ukf,0.5,gnvMod,cps,1,A,wf,wf,,case1,,0.00001,,828,8,8,"frequency, case controlled, variable ME and 10%",
0,tomgro,ukf,0.5,gnvMod,cps,3,A,wf,wf,,case1,,0.00001,,829,8,9,"frequency, case controlled, variable ME and 10%",
0,tomgro,ukf,0.5,gnvMod,cps,5,A,wf,wf,,case1,,0.00001,,830,8,10,"frequency, case controlled, variable ME and 10%",
0,tomgro,ukf,0.5,gnvMod,cps,7,A,wf,wf,,case1,,0.00001,,831,8,11,"frequency, case controlled, variable ME and 10%",
0,tomgro,enkf,0.5,gnvMod,cps,1,A,wf,wf,500,case2,,0.00001,,832,8,12,"frequency, case controlled, variable ME and 10%",
0,tomgro,enkf,0.5,gnvMod,cps,3,A,wf,wf,500,case2,,0.00001,,833,8,13,"frequency, case controlled, variable ME and 10%",
0,tomgro,enkf,0.5,gnvMod,cps,5,A,wf,wf,500,case2,,0.00001,,834,8,14,"frequency, case controlled, variable ME and 10%",
0,tomgro,enkf,0.5,gnvMod,cps,7,A,wf,wf,500,case2,,0.00001,,835,8,15,"frequency, case controlled, variable ME and 10%",
0,tomgro,ukf,0.1,gnvMod,cps,1,A,wm,wm,,case1,,0.00001,,836,8,16,"frequency, case controlled, variable ME and 10%",
0,tomgro,ukf,0.1,gnvMod,cps,3,A,wm,wm,,case1,,0.00001,,837,8,17,"frequency, case controlled, variable ME and 10%",
0,tomgro,ukf,0.1,gnvMod,cps,5,A,wm,wm,,case1,,0.00001,,838,8,18,"frequency, case controlled, variable ME and 10%",
0,tomgro,ukf,0.1,gnvMod,cps,7,A,wm,wm,,case1,,0.00001,,839,8,19,"frequency, case controlled, variable ME and 10%",
0,tomgro,enkf,0.1,gnvMod,cps,1,A,wm,wm,500,case2,,0.00001,,840,8,20,"frequency, case controlled, variable ME and 10%",
0,tomgro,enkf,0.1,gnvMod,cps,3,A,wm,wm,500,case2,,0.00001,,841,8,21,"frequency, case controlled, variable ME and 10%",
0,tomgro,enkf,0.1,gnvMod,cps,5,A,wm,wm,500,case2,,0.00001,,842,8,22,"frequency, case controlled, variable ME and 10%",
0,tomgro,enkf,0.1,gnvMod,cps,7,A,wm,wm,500,case2,,0.00001,,843,8,23,"frequency, case controlled, variable ME and 10%",
0,tomgro,ukf,0.1,gnvMod,cps,1,A,wf,wf,,case1,,0.00001,,844,8,24,"frequency, case controlled, variable ME and 10%",
0,tomgro,ukf,0.1,gnvMod,cps,3,A,wf,wf,,case1,,0.00001,,845,8,25,"frequency, case controlled, variable ME and 10%",
0,tomgro,ukf,0.1,gnvMod,cps,5,A,wf,wf,,case1,,0.00001,,846,8,26,"frequency, case controlled, variable ME and 10%",
0,tomgro,ukf,0.1,gnvMod,cps,7,A,wf,wf,,case1,,0.00001,,847,8,27,"frequency, case controlled, variable ME and 10%",
0,tomgro,enkf,0.1,gnvMod,cps,1,A,wf,wf,500,case2,,0.00001,,848,8,28,"frequency, case controlled, variable ME and 10%",
0,tomgro,enkf,0.1,gnvMod,cps,3,A,wf,wf,500,case2,,0.00001,,849,8,29,"frequency, case controlled, variable ME and 10%",
0,tomgro,enkf,0.1,gnvMod,cps,5,A,wf,wf,500,case2,,0.00001,,850,8,30,"frequency, case controlled, variable ME and 10%",
0,tomgro,enkf,0.1,gnvMod,cps,7,A,wf,wf,500,case2,,0.00001,,851,8,31,"frequency, case controlled, variable ME and 10%",
0,tomgro,ukf,0.5,gnvMod,cps,1,A,wm,wm,,case1,,0.00001,,852,9,0,"frequency, case controlled, variable ME and 30%",
0,tomgro,ukf,0.5,gnvMod,cps,3,A,wm,wm,,case1,,0.00001,,853,9,1,"frequency, case controlled, variable ME and 30%",
0,tomgro,ukf,0.5,gnvMod,cps,5,A,wm,wm,,case1,,0.00001,,854,9,2,"frequency, case controlled, variable ME and 30%",
0,tomgro,ukf,0.5,gnvMod,cps,7,A,wm,wm,,case1,,0.00001,,855,9,3,"frequency, case controlled, variable ME and 30%",
0,tomgro,enkf,0.5,gnvMod,cps,1,A,wm,wm,500,case2,,0.00001,,856,9,4,"frequency, case controlled, variable ME and 30%",
0,tomgro,enkf,0.5,gnvMod,cps,3,A,wm,wm,500,case2,,0.00001,,857,9,5,"frequency, case controlled, variable ME and 30%",
0,tomgro,enkf,0.5,gnvMod,cps,5,A,wm,wm,500,case2,,0.00001,,858,9,6,"frequency, case controlled, variable ME and 30%",
0,tomgro,enkf,0.5,gnvMod,cps,7,A,wm,wm,500,case2,,0.00001,,859,9,7,"frequency, case controlled, variable ME and 30%",
0,tomgro,ukf,0.5,gnvMod,cps,1,A,wf,wf,,case1,,0.00001,,860,9,8,"frequency, case controlled, variable ME and 30%",
0,tomgro,ukf,0.5,gnvMod,cps,3,A,wf,wf,,case1,,0.00001,,861,9,9,"frequency, case controlled, variable ME and 30%",
0,tomgro,ukf,0.5,gnvMod,cps,5,A,wf,wf,,case1,,0.00001,,862,9,10,"frequency, case controlled, variable ME and 30%",
0,tomgro,ukf,0.5,gnvMod,cps,7,A,wf,wf,,case1,,0.00001,,863,9,11,"frequency, case controlled, variable ME and 30%",
0,tomgro,enkf,0.5,gnvMod,cps,1,A,wf,wf,500,case2,,0.00001,,864,9,12,"frequency, case controlled, variable ME and 30%",
0,tomgro,enkf,0.5,gnvMod,cps,3,A,wf,wf,500,case2,,0.00001,,865,9,13,"frequency, case controlled, variable ME and 30%",
0,tomgro,enkf,0.5,gnvMod,cps,5,A,wf,wf,500,case2,,0.00001,,866,9,14,"frequency, case controlled, variable ME and 30%",
0,tomgro,enkf,0.5,gnvMod,cps,7,A,wf,wf,500,case2,,0.00001,,867,9,15,"frequency, case controlled, variable ME and 30%",
0,tomgro,ukf,0.1,gnvMod,cps,1,A,wm,wm,,case1,,0.00001,,868,9,16,"frequency, case controlled, variable ME and 30%",
0,tomgro,ukf,0.1,gnvMod,cps,3,A,wm,wm,,case1,,0.00001,,869,9,17,"frequency, case controlled, variable ME and 30%",
0,tomgro,ukf,0.1,gnvMod,cps,5,A,wm,wm,,case1,,0.00001,,870,9,18,"frequency, case controlled, variable ME and 30%",
0,tomgro,ukf,0.1,gnvMod,cps,7,A,wm,wm,,case1,,0.00001,,871,9,19,"frequency, case controlled, variable ME and 30%",
0,tomgro,enkf,0.1,gnvMod,cps,1,A,wm,wm,500,case2,,0.00001,,872,9,20,"frequency, case controlled, variable ME and 30%",
0,tomgro,enkf,0.1,gnvMod,cps,3,A,wm,wm,500,case2,,0.00001,,873,9,21,"frequency, case controlled, variable ME and 30%",
0,tomgro,enkf,0.1,gnvMod,cps,5,A,wm,wm,500,case2,,0.00001,,874,9,22,"frequency, case controlled, variable ME and 30%",
0,tomgro,enkf,0.1,gnvMod,cps,7,A,wm,wm,500,case2,,0.00001,,875,9,23,"frequency, case controlled, variable ME and 30%",
0,tomgro,ukf,0.1,gnvMod,cps,1,A,wf,wf,,case1,,0.00001,,876,9,24,"frequency, case controlled, variable ME and 30%",
0,tomgro,ukf,0.1,gnvMod,cps,3,A,wf,wf,,case1,,0.00001,,877,9,25,"frequency, case controlled, variable ME and 30%",
0,tomgro,ukf,0.1,gnvMod,cps,5,A,wf,wf,,case1,,0.00001,,878,9,26,"frequency, case controlled, variable ME and 30%",
0,tomgro,ukf,0.1,gnvMod,cps,7,A,wf,wf,,case1,,0.00001,,879,9,27,"frequency, case controlled, variable ME and 30%",
0,tomgro,enkf,0.1,gnvMod,cps,1,A,wf,wf,500,case2,,0.00001,,880,9,28,"frequency, case controlled, variable ME and 30%",
0,tomgro,enkf,0.1,gnvMod,cps,3,A,wf,wf,500,case2,,0.00001,,881,9,29,"frequency, case controlled, variable ME and 30%",
0,tomgro,enkf,0.1,gnvMod,cps,5,A,wf,wf,500,case2,,0.00001,,882,9,30,"frequency, case controlled, variable ME and 30%",
0,tomgro,enkf,0.1,gnvMod,cps,7,A,wf,wf,500,case2,,0.00001,,883,9,31,"frequency, case controlled, variable ME and 30%",
0,tomgro,ukf,0.5,gnvMod,cps,1,A,wm,wm,,case1,,0.00001,,884,10,0,"frequency, case controlled, variable ME and 50%",
0,tomgro,ukf,0.5,gnvMod,cps,3,A,wm,wm,,case1,,0.00001,,885,10,1,"frequency, case controlled, variable ME and 50%",
0,tomgro,ukf,0.5,gnvMod,cps,5,A,wm,wm,,case1,,0.00001,,886,10,2,"frequency, case controlled, variable ME and 50%",
0,tomgro,ukf,0.5,gnvMod,cps,7,A,wm,wm,,case1,,0.00001,,887,10,3,"frequency, case controlled, variable ME and 50%",
0,tomgro,enkf,0.5,gnvMod,cps,1,A,wm,wm,500,case2,,0.00001,,888,10,4,"frequency, case controlled, variable ME and 50%",
0,tomgro,enkf,0.5,gnvMod,cps,3,A,wm,wm,500,case2,,0.00001,,889,10,5,"frequency, case controlled, variable ME and 50%",
0,tomgro,enkf,0.5,gnvMod,cps,5,A,wm,wm,500,case2,,0.00001,,890,10,6,"frequency, case controlled, variable ME and 50%",
0,tomgro,enkf,0.5,gnvMod,cps,7,A,wm,wm,500,case2,,0.00001,,891,10,7,"frequency, case controlled, variable ME and 50%",
0,tomgro,ukf,0.5,gnvMod,cps,1,A,wf,wf,,case1,,0.00001,,892,10,8,"frequency, case controlled, variable ME and 50%",
0,tomgro,ukf,0.5,gnvMod,cps,3,A,wf,wf,,case1,,0.00001,,893,10,9,"frequency, case controlled, variable ME and 50%",
0,tomgro,ukf,0.5,gnvMod,cps,5,A,wf,wf,,case1,,0.00001,,894,10,10,"frequency, case controlled, variable ME and 50%",
0,tomgro,ukf,0.5,gnvMod,cps,7,A,wf,wf,,case1,,0.00001,,895,10,11,"frequency, case controlled, variable ME and 50%",
0,tomgro,enkf,0.5,gnvMod,cps,1,A,wf,wf,500,case2,,0.00001,,896,10,12,"frequency, case controlled, variable ME and 50%",
0,tomgro,enkf,0.5,gnvMod,cps,3,A,wf,wf,500,case2,,0.00001,,897,10,13,"frequency, case controlled, variable ME and 50%",
0,tomgro,enkf,0.5,gnvMod,cps,5,A,wf,wf,500,case2,,0.00001,,898,10,14,"frequency, case controlled, variable ME and 50%",
0,tomgro,enkf,0.5,gnvMod,cps,7,A,wf,wf,500,case2,,0.00001,,899,10,15,"frequency, case controlled, variable ME and 50%",
0,tomgro,ukf,0.1,gnvMod,cps,1,A,wm,wm,,case1,,0.00001,,900,10,16,"frequency, case controlled, variable ME and 50%",
0,tomgro,ukf,0.1,gnvMod,cps,3,A,wm,wm,,case1,,0.00001,,901,10,17,"frequency, case controlled, variable ME and 50%",
0,tomgro,ukf,0.1,gnvMod,cps,5,A,wm,wm,,case1,,0.00001,,902,10,18,"frequency, case controlled, variable ME and 50%",
0,tomgro,ukf,0.1,gnvMod,cps,7,A,wm,wm,,case1,,0.00001,,903,10,19,"frequency, case controlled, variable ME and 50%",
0,tomgro,enkf,0.1,gnvMod,cps,1,A,wm,wm,500,case2,,0.00001,,904,10,20,"frequency, case controlled, variable ME and 50%",
0,tomgro,enkf,0.1,gnvMod,cps,3,A,wm,wm,500,case2,,0.00001,,905,10,21,"frequency, case controlled, variable ME and 50%",
0,tomgro,enkf,0.1,gnvMod,cps,5,A,wm,wm,500,case2,,0.00001,,906,10,22,"frequency, case controlled, variable ME and 50%",
0,tomgro,enkf,0.1,gnvMod,cps,7,A,wm,wm,500,case2,,0.00001,,907,10,23,"frequency, case controlled, variable ME and 50%",
0,tomgro,ukf,0.1,gnvMod,cps,1,A,wf,wf,,case1,,0.00001,,908,10,24,"frequency, case controlled, variable ME and 50%",
0,tomgro,ukf,0.1,gnvMod,cps,3,A,wf,wf,,case1,,0.00001,,909,10,25,"frequency, case controlled, variable ME and 50%",
0,tomgro,ukf,0.1,gnvMod,cps,5,A,wf,wf,,case1,,0.00001,,910,10,26,"frequency, case controlled, variable ME and 50%",
0,tomgro,ukf,0.1,gnvMod,cps,7,A,wf,wf,,case1,,0.00001,,911,10,27,"frequency, case controlled, variable ME and 50%",
0,tomgro,enkf,0.1,gnvMod,cps,1,A,wf,wf,500,case2,,0.00001,,912,10,28,"frequency, case controlled, variable ME and 50%",
0,tomgro,enkf,0.1,gnvMod,cps,3,A,wf,wf,500,case2,,0.00001,,913,10,29,"frequency, case controlled, variable ME and 50%",
0,tomgro,enkf,0.1,gnvMod,cps,5,A,wf,wf,500,case2,,0.00001,,914,10,30,"frequency, case controlled, variable ME and 50%",
0,tomgro,enkf,0.1,gnvMod,cps,7,A,wf,wf,500,case2,,0.00001,,915,10,31,"frequency, case controlled, variable ME and 50%",
0,tomgro,enkf,1,gnvMod,cps,1,B,wm,wm,500,case3,,0.00001,,916,11,0,"sensorB, 10%",
0,tomgro,enkf,1,gnvMod,cps,3,B,wm,wm,500,case3,,0.00001,,917,11,1,"sensorB, 10%",
0,tomgro,enkf,1,gnvMod,cps,5,B,wm,wm,500,case3,,0.00001,,918,11,2,"sensorB, 10%",
0,tomgro,enkf,1,gnvMod,cps,7,B,wm,wm,500,case3,,0.00001,,919,11,3,"sensorB, 10%",
0,tomgro,enkf,1,gnvMod,cps,1,B,wf,wf,500,case3,,0.00001,,920,11,4,"sensorB, 10%",
0,tomgro,enkf,1,gnvMod,cps,3,B,wf,wf,500,case3,,0.00001,,921,11,5,"sensorB, 10%",
0,tomgro,enkf,1,gnvMod,cps,5,B,wf,wf,500,case3,,0.00001,,922,11,6,"sensorB, 10%",
0,tomgro,enkf,1,gnvMod,cps,7,B,wf,wf,500,case3,,0.00001,,923,11,7,"sensorB, 10%",
0,tomgro,enkf,1,gnvMod,cps,1,B,wm,wm,500,case3,,0.00001,,924,12,0,"sensorB, 30%",
0,tomgro,enkf,1,gnvMod,cps,3,B,wm,wm,500,case3,,0.00001,,925,12,1,"sensorB, 30%",
0,tomgro,enkf,1,gnvMod,cps,5,B,wm,wm,500,case3,,0.00001,,926,12,2,"sensorB, 30%",
0,tomgro,enkf,1,gnvMod,cps,7,B,wm,wm,500,case3,,0.00001,,927,12,3,"sensorB, 30%",
0,tomgro,enkf,1,gnvMod,cps,1,B,wf,wf,500,case3,,0.00001,,928,12,4,"sensorB, 30%",
0,tomgro,enkf,1,gnvMod,cps,3,B,wf,wf,500,case3,,0.00001,,929,12,5,"sensorB, 30%",
0,tomgro,enkf,1,gnvMod,cps,5,B,wf,wf,500,case3,,0.00001,,930,12,6,"sensorB, 30%",
0,tomgro,enkf,1,gnvMod,cps,7,B,wf,wf,500,case3,,0.00001,,931,12,7,"sensorB, 30%",
0,tomgro,enkf,1,gnvMod,cps,1,B,wm,wm,500,case3,,0.00001,,932,13,0,"sensorB, 50%",
0,tomgro,enkf,1,gnvMod,cps,3,B,wm,wm,500,case3,,0.00001,,933,13,1,"sensorB, 50%",
0,tomgro,enkf,1,gnvMod,cps,5,B,wm,wm,500,case3,,0.00001,,934,13,2,"sensorB, 50%",
0,tomgro,enkf,1,gnvMod,cps,7,B,wm,wm,500,case3,,0.00001,,935,13,3,"sensorB, 50%",
0,tomgro,enkf,1,gnvMod,cps,1,B,wf,wf,500,case3,,0.00001,,936,13,4,"sensorB, 50%",
0,tomgro,enkf,1,gnvMod,cps,3,B,wf,wf,500,case3,,0.00001,,937,13,5,"sensorB, 50%",
0,tomgro,enkf,1,gnvMod,cps,5,B,wf,wf,500,case3,,0.00001,,938,13,6,"sensorB, 50%",
0,tomgro,enkf,1,gnvMod,cps,7,B,wf,wf,500,case3,,0.00001,,939,13,7,"sensorB, 50%",
0,tomgro,ukf,1,gnvMod,cps,1,A,wf,wf,,case1,45,1.00E-05,90,1000,101,0,fixed errors,trocar id pra 1000
0,tomgro,enkf,1,gnvMod,cps,1,A,wf,wf,500,case0,45,1.00E-05,90,1001,101,1,fixed errors,
0,tomgro,enkf,1,gnvMod,cps,1,A,wf,wf,500,case1,45,1.00E-05,90,1002,101,2,fixed errors,
0,tomgro,enkf,1,gnvMod,cps,1,A,wf,wf,500,case2,45,1.00E-05,90,1003,101,3,fixed errors,
0,tomgro,enkf,1,gnvMod,cps,1,A,wf,wf,500,case3,45,1.00E-05,90,1004,101,4,fixed errors,
0,tomgro,pf,1,gnvMod,cps,1,A,wf,wf,500,case1,45,1.00E-05,90,1005,101,5,fixed errors,
0,tomgro,ukf,1,gnvMod,cps,3,A,wf,wf,,case1,45,1.00E-05,90,1006,101,6,fixed errors,
0,tomgro,enkf,1,gnvMod,cps,3,A,wf,wf,500,case0,45,1.00E-05,90,1007,101,7,fixed errors,
0,tomgro,enkf,1,gnvMod,cps,3,A,wf,wf,500,case1,45,1.00E-05,90,1008,101,8,fixed errors,
0,tomgro,enkf,1,gnvMod,cps,3,A,wf,wf,500,case2,45,1.00E-05,90,1009,101,9,fixed errors,
0,tomgro,enkf,1,gnvMod,cps,3,A,wf,wf,500,case3,45,1.00E-05,90,1010,101,10,fixed errors,
0,tomgro,pf,1,gnvMod,cps,3,A,wf,wf,500,case1,45,1.00E-05,90,1011,101,11,fixed errors,
0,tomgro,ukf,1,gnvMod,cps,5,A,wf,wf,,case1,45,1.00E-05,90,1012,101,12,fixed errors,
0,tomgro,enkf,1,gnvMod,cps,5,A,wf,wf,500,case0,45,1.00E-05,90,1013,101,13,fixed errors,
0,tomgro,enkf,1,gnvMod,cps,5,A,wf,wf,500,case1,45,1.00E-05,90,1014,101,14,fixed errors,
0,tomgro,enkf,1,gnvMod,cps,5,A,wf,wf,500,case2,45,1.00E-05,90,1015,101,15,fixed errors,
0,tomgro,enkf,1,gnvMod,cps,5,A,wf,wf,500,case3,45,1.00E-05,90,1016,101,16,fixed errors,
0,tomgro,pf,1,gnvMod,cps,5,A,wf,wf,500,case1,45,1.00E-05,90,1017,101,17,fixed errors,
0,tomgro,ukf,1,gnvMod,cps,7,A,wf,wf,,case1,45,1.00E-05,90,1018,101,18,fixed errors,
0,tomgro,enkf,1,gnvMod,cps,7,A,wf,wf,500,case0,45,1.00E-05,90,1019,101,19,fixed errors,
0,tomgro,enkf,1,gnvMod,cps,7,A,wf,wf,500,case1,45,1.00E-05,90,1020,101,20,fixed errors,
0,tomgro,enkf,1,gnvMod,cps,7,A,wf,wf,500,case2,45,1.00E-05,90,1021,101,21,fixed errors,
0,tomgro,enkf,1,gnvMod,cps,7,A,wf,wf,500,case3,45,1.00E-05,90,1022,101,22,fixed errors,
0,tomgro,pf,1,gnvMod,cps,7,A,wf,wf,500,case1,45,1.00E-05,90,1023,101,23,fixed errors,
0,tomgro,ukf,1,gnvMod,cps,1,A,wm,wm,,case1,20,1.00E-05,60,1024,101,24,fixed errors,
0,tomgro,enkf,1,gnvMod,cps,1,A,wm,wm,500,case0,20,1.00E-05,60,1025,101,25,fixed errors,
0,tomgro,enkf,1,gnvMod,cps,1,A,wm,wm,500,case1,20,1.00E-05,60,1026,101,26,fixed errors,
0,tomgro,enkf,1,gnvMod,cps,1,A,wm,wm,500,case2,20,1.00E-05,60,1027,101,27,fixed errors,
0,tomgro,enkf,1,gnvMod,cps,1,A,wm,wm,500,case3,20,1.00E-05,60,1028,101,28,fixed errors,
0,tomgro,pf,1,gnvMod,cps,1,A,wm,wm,500,case1,20,1.00E-05,60,1029,101,29,fixed errors,
0,tomgro,ukf,1,gnvMod,cps,3,A,wm,wm,,case1,20,1.00E-05,60,1030,101,30,fixed errors,
0,tomgro,enkf,1,gnvMod,cps,3,A,wm,wm,500,case0,20,1.00E-05,60,1031,101,31,fixed errors,
0,tomgro,enkf,1,gnvMod,cps,3,A,wm,wm,500,case1,20,1.00E-05,60,1032,101,32,fixed errors,
0,tomgro,enkf,1,gnvMod,cps,3,A,wm,wm,500,case2,20,1.00E-05,60,1033,101,33,fixed errors,
0,tomgro,enkf,1,gnvMod,cps,3,A,wm,wm,500,case3,20,1.00E-05,60,1034,101,34,fixed errors,
0,tomgro,pf,1,gnvMod,cps,3,A,wm,wm,500,case1,20,1.00E-05,60,1035,101,35,fixed errors,
0,tomgro,ukf,1,gnvMod,cps,5,A,wm,wm,,case1,20,1.00E-05,60,1036,101,36,fixed errors,
0,tomgro,enkf,1,gnvMod,cps,5,A,wm,wm,500,case0,20,1.00E-05,60,1037,101,37,fixed errors,
0,tomgro,enkf,1,gnvMod,cps,5,A,wm,wm,500,case1,20,1.00E-05,60,1038,101,38,fixed errors,
0,tomgro,enkf,1,gnvMod,cps,5,A,wm,wm,500,case2,20,1.00E-05,60,1039,101,39,fixed errors,
0,tomgro,enkf,1,gnvMod,cps,5,A,wm,wm,500,case3,20,1.00E-05,60,1040,101,40,fixed errors,
0,tomgro,pf,1,gnvMod,cps,5,A,wm,wm,500,case1,20,1.00E-05,60,1041,101,41,fixed errors,
0,tomgro,ukf,1,gnvMod,cps,7,A,wm,wm,,case1,20,1.00E-05,60,1042,101,42,fixed errors,
0,tomgro,enkf,1,gnvMod,cps,7,A,wm,wm,500,case0,20,1.00E-05,60,1043,101,43,fixed errors,
0,tomgro,enkf,1,gnvMod,cps,7,A,wm,wm,500,case1,20,1.00E-05,60,1044,101,44,fixed errors,
0,tomgro,enkf,1,gnvMod,cps,7,A,wm,wm,500,case2,20,1.00E-05,60,1045,101,45,fixed errors,
0,tomgro,enkf,1,gnvMod,cps,7,A,wm,wm,500,case3,20,1.00E-05,60,1046,101,46,fixed errors,
0,tomgro,pf,1,gnvMod,cps,7,A,wm,wm,500,case1,20,1.00E-05,60,1047,101,47,fixed errors,
0,tomgro,ukf,1,gnvMod,cps,1,A,wf,wf,,case1,45,1.00E-05,,1048,102,0,variable model error,
0,tomgro,enkf,1,gnvMod,cps,1,A,wf,wf,500,case0,45,1.00E-05,,1049,102,1,variable model error,
0,tomgro,enkf,1,gnvMod,cps,1,A,wf,wf,500,case1,45,1.00E-05,,1050,102,2,variable model error,
0,tomgro,enkf,1,gnvMod,cps,1,A,wf,wf,500,case2,45,1.00E-05,,1051,102,3,variable model error,
0,tomgro,enkf,1,gnvMod,cps,1,A,wf,wf,500,case3,45,1.00E-05,,1052,102,4,variable model error,
0,tomgro,pf,1,gnvMod,cps,1,A,wf,wf,500,case1,45,1.00E-05,,1053,102,5,variable model error,
0,tomgro,ukf,1,gnvMod,cps,3,A,wf,wf,,case1,45,1.00E-05,,1054,102,6,variable model error,
0,tomgro,enkf,1,gnvMod,cps,3,A,wf,wf,500,case0,45,1.00E-05,,1055,102,7,variable model error,
0,tomgro,enkf,1,gnvMod,cps,3,A,wf,wf,500,case1,45,1.00E-05,,1056,102,8,variable model error,
0,tomgro,enkf,1,gnvMod,cps,3,A,wf,wf,500,case2,45,1.00E-05,,1057,102,9,variable model error,
0,tomgro,enkf,1,gnvMod,cps,3,A,wf,wf,500,case3,45,1.00E-05,,1058,102,10,variable model error,
0,tomgro,pf,1,gnvMod,cps,3,A,wf,wf,500,case1,45,1.00E-05,,1059,102,11,variable model error,
0,tomgro,ukf,1,gnvMod,cps,5,A,wf,wf,,case1,45,1.00E-05,,1060,102,12,variable model error,
0,tomgro,enkf,1,gnvMod,cps,5,A,wf,wf,500,case0,45,1.00E-05,,1061,102,13,variable model error,
0,tomgro,enkf,1,gnvMod,cps,5,A,wf,wf,500,case1,45,1.00E-05,,1062,102,14,variable model error,
0,tomgro,enkf,1,gnvMod,cps,5,A,wf,wf,500,case2,45,1.00E-05,,1063,102,15,variable model error,
0,tomgro,enkf,1,gnvMod,cps,5,A,wf,wf,500,case3,45,1.00E-05,,1064,102,16,variable model error,
0,tomgro,pf,1,gnvMod,cps,5,A,wf,wf,500,case1,45,1.00E-05,,1065,102,17,variable model error,
0,tomgro,ukf,1,gnvMod,cps,7,A,wf,wf,,case1,45,1.00E-05,,1066,102,18,variable model error,
0,tomgro,enkf,1,gnvMod,cps,7,A,wf,wf,500,case0,45,1.00E-05,,1067,102,19,variable model error,
0,tomgro,enkf,1,gnvMod,cps,7,A,wf,wf,500,case1,45,1.00E-05,,1068,102,20,variable model error,
0,tomgro,enkf,1,gnvMod,cps,7,A,wf,wf,500,case2,45,1.00E-05,,1069,102,21,variable model error,
0,tomgro,enkf,1,gnvMod,cps,7,A,wf,wf,500,case3,45,1.00E-05,,1070,102,22,variable model error,
0,tomgro,pf,1,gnvMod,cps,7,A,wf,wf,500,case1,45,1.00E-05,,1071,102,23,variable model error,
0,tomgro,ukf,1,gnvMod,cps,1,A,wm,wm,,case1,20,1.00E-05,,1072,102,24,variable model error,
0,tomgro,enkf,1,gnvMod,cps,1,A,wm,wm,500,case0,20,1.00E-05,,1073,102,25,variable model error,
0,tomgro,enkf,1,gnvMod,cps,1,A,wm,wm,500,case1,20,1.00E-05,,1074,102,26,variable model error,
0,tomgro,enkf,1,gnvMod,cps,1,A,wm,wm,500,case2,20,1.00E-05,,1075,102,27,variable model error,
0,tomgro,enkf,1,gnvMod,cps,1,A,wm,wm,500,case3,20,1.00E-05,,1076,102,28,variable model error,
0,tomgro,pf,1,gnvMod,cps,1,A,wm,wm,500,case1,20,1.00E-05,,1077,102,29,variable model error,
0,tomgro,ukf,1,gnvMod,cps,3,A,wm,wm,,case1,20,1.00E-05,,1078,102,30,variable model error,
0,tomgro,enkf,1,gnvMod,cps,3,A,wm,wm,500,case0,20,1.00E-05,,1079,102,31,variable model error,
0,tomgro,enkf,1,gnvMod,cps,3,A,wm,wm,500,case1,20,1.00E-05,,1080,102,32,variable model error,
0,tomgro,enkf,1,gnvMod,cps,3,A,wm,wm,500,case2,20,1.00E-05,,1081,102,33,variable model error,
0,tomgro,enkf,1,gnvMod,cps,3,A,wm,wm,500,case3,20,1.00E-05,,1082,102,34,variable model error,
0,tomgro,pf,1,gnvMod,cps,3,A,wm,wm,500,case1,20,1.00E-05,,1083,102,35,variable model error,
0,tomgro,ukf,1,gnvMod,cps,5,A,wm,wm,,case1,20,1.00E-05,,1084,102,36,variable model error,
0,tomgro,enkf,1,gnvMod,cps,5,A,wm,wm,500,case0,20,1.00E-05,,1085,102,37,variable model error,
0,tomgro,enkf,1,gnvMod,cps,5,A,wm,wm,500,case1,20,1.00E-05,,1086,102,38,variable model error,
0,tomgro,enkf,1,gnvMod,cps,5,A,wm,wm,500,case2,20,1.00E-05,,1087,102,39,variable model error,
0,tomgro,enkf,1,gnvMod,cps,5,A,wm,wm,500,case3,20,1.00E-05,,1088,102,40,variable model error,
0,tomgro,pf,1,gnvMod,cps,5,A,wm,wm,500,case1,20,1.00E-05,,1089,102,41,variable model error,
0,tomgro,ukf,1,gnvMod,cps,7,A,wm,wm,,case1,20,1.00E-05,,1090,102,42,variable model error,
0,tomgro,enkf,1,gnvMod,cps,7,A,wm,wm,500,case0,20,1.00E-05,,1091,102,43,variable model error,
0,tomgro,enkf,1,gnvMod,cps,7,A,wm,wm,500,case1,20,1.00E-05,,1092,102,44,variable model error,
0,tomgro,enkf,1,gnvMod,cps,7,A,wm,wm,500,case2,20,1.00E-05,,1093,102,45,variable model error,
0,tomgro,enkf,1,gnvMod,cps,7,A,wm,wm,500,case3,20,1.00E-05,,1094,102,46,variable model error,
0,tomgro,pf,1,gnvMod,cps,7,A,wm,wm,500,case1,20,1.00E-05,,1095,102,47,variable model error,
0,tomgro,ukf,1,gnvMod,cps,1,A,wf,wf,,case1,,1.00E-05,90,1096,103,0,variable obs error,
0,tomgro,enkf,1,gnvMod,cps,1,A,wf,wf,500,case0,,1.00E-05,90,1097,103,1,variable obs error,
0,tomgro,enkf,1,gnvMod,cps,1,A,wf,wf,500,case1,,1.00E-05,90,1098,103,2,variable obs error,
0,tomgro,enkf,1,gnvMod,cps,1,A,wf,wf,500,case2,,1.00E-05,90,1099,103,3,variable obs error,
0,tomgro,enkf,1,gnvMod,cps,1,A,wf,wf,500,case3,,1.00E-05,90,1100,103,4,variable obs error,
0,tomgro,pf,1,gnvMod,cps,1,A,wf,wf,500,case1,,1.00E-05,90,1101,103,5,variable obs error,
0,tomgro,ukf,1,gnvMod,cps,3,A,wf,wf,,case1,,1.00E-05,90,1102,103,6,variable obs error,
0,tomgro,enkf,1,gnvMod,cps,3,A,wf,wf,500,case0,,1.00E-05,90,1103,103,7,variable obs error,
0,tomgro,enkf,1,gnvMod,cps,3,A,wf,wf,500,case1,,1.00E-05,90,1104,103,8,variable obs error,
0,tomgro,enkf,1,gnvMod,cps,3,A,wf,wf,500,case2,,1.00E-05,90,1105,103,9,variable obs error,
0,tomgro,enkf,1,gnvMod,cps,3,A,wf,wf,500,case3,,1.00E-05,90,1106,103,10,variable obs error,
0,tomgro,pf,1,gnvMod,cps,3,A,wf,wf,500,case1,,1.00E-05,90,1107,103,11,variable obs error,
0,tomgro,ukf,1,gnvMod,cps,5,A,wf,wf,,case1,,1.00E-05,90,1108,103,12,variable obs error,
0,tomgro,enkf,1,gnvMod,cps,5,A,wf,wf,500,case0,,1.00E-05,90,1109,103,13,variable obs error,
0,tomgro,enkf,1,gnvMod,cps,5,A,wf,wf,500,case1,,1.00E-05,90,1110,103,14,variable obs error,
0,tomgro,enkf,1,gnvMod,cps,5,A,wf,wf,500,case2,,1.00E-05,90,1111,103,15,variable obs error,
0,tomgro,enkf,1,gnvMod,cps,5,A,wf,wf,500,case3,,1.00E-05,90,1112,103,16,variable obs error,
0,tomgro,pf,1,gnvMod,cps,5,A,wf,wf,500,case1,,1.00E-05,90,1113,103,17,variable obs error,
0,tomgro,ukf,1,gnvMod,cps,7,A,wf,wf,,case1,,1.00E-05,90,1114,103,18,variable obs error,
0,tomgro,enkf,1,gnvMod,cps,7,A,wf,wf,500,case0,,1.00E-05,90,1115,103,19,variable obs error,
0,tomgro,enkf,1,gnvMod,cps,7,A,wf,wf,500,case1,,1.00E-05,90,1116,103,20,variable obs error,
0,tomgro,enkf,1,gnvMod,cps,7,A,wf,wf,500,case2,,1.00E-05,90,1117,103,21,variable obs error,
0,tomgro,enkf,1,gnvMod,cps,7,A,wf,wf,500,case3,,1.00E-05,90,1118,103,22,variable obs error,
0,tomgro,pf,1,gnvMod,cps,7,A,wf,wf,500,case1,,1.00E-05,90,1119,103,23,variable obs error,
0,tomgro,ukf,1,gnvMod,cps,1,A,wm,wm,,case1,,1.00E-05,60,1120,103,24,variable obs error,
0,tomgro,enkf,1,gnvMod,cps,1,A,wm,wm,500,case0,,1.00E-05,60,1121,103,25,variable obs error,
0,tomgro,enkf,1,gnvMod,cps,1,A,wm,wm,500,case1,,1.00E-05,60,1122,103,26,variable obs error,
0,tomgro,enkf,1,gnvMod,cps,1,A,wm,wm,500,case2,,1.00E-05,60,1123,103,27,variable obs error,
0,tomgro,enkf,1,gnvMod,cps,1,A,wm,wm,500,case3,,1.00E-05,60,1124,103,28,variable obs error,
0,tomgro,pf,1,gnvMod,cps,1,A,wm,wm,500,case1,,1.00E-05,60,1125,103,29,variable obs error,
0,tomgro,ukf,1,gnvMod,cps,3,A,wm,wm,,case1,,1.00E-05,60,1126,103,30,variable obs error,
0,tomgro,enkf,1,gnvMod,cps,3,A,wm,wm,500,case0,,1.00E-05,60,1127,103,31,variable obs error,
0,tomgro,enkf,1,gnvMod,cps,3,A,wm,wm,500,case1,,1.00E-05,60,1128,103,32,variable obs error,
0,tomgro,enkf,1,gnvMod,cps,3,A,wm,wm,500,case2,,1.00E-05,60,1129,103,33,variable obs error,
0,tomgro,enkf,1,gnvMod,cps,3,A,wm,wm,500,case3,,1.00E-05,60,1130,103,34,variable obs error,
0,tomgro,pf,1,gnvMod,cps,3,A,wm,wm,500,case1,,1.00E-05,60,1131,103,35,variable obs error,
0,tomgro,ukf,1,gnvMod,cps,5,A,wm,wm,,case1,,1.00E-05,60,1132,103,36,variable obs error,
0,tomgro,enkf,1,gnvMod,cps,5,A,wm,wm,500,case0,,1.00E-05,60,1133,103,37,variable obs error,
0,tomgro,enkf,1,gnvMod,cps,5,A,wm,wm,500,case1,,1.00E-05,60,1134,103,38,variable obs error,
0,tomgro,enkf,1,gnvMod,cps,5,A,wm,wm,500,case2,,1.00E-05,60,1135,103,39,variable obs error,
0,tomgro,enkf,1,gnvMod,cps,5,A,wm,wm,500,case3,,1.00E-05,60,1136,103,40,variable obs error,
0,tomgro,pf,1,gnvMod,cps,5,A,wm,wm,500,case1,,1.00E-05,60,1137,103,41,variable obs error,
0,tomgro,ukf,1,gnvMod,cps,7,A,wm,wm,,case1,,1.00E-05,60,1138,103,42,variable obs error,
0,tomgro,enkf,1,gnvMod,cps,7,A,wm,wm,500,case0,,1.00E-05,60,1139,103,43,variable obs error,
0,tomgro,enkf,1,gnvMod,cps,7,A,wm,wm,500,case1,,1.00E-05,60,1140,103,44,variable obs error,
0,tomgro,enkf,1,gnvMod,cps,7,A,wm,wm,500,case2,,1.00E-05,60,1141,103,45,variable obs error,
0,tomgro,enkf,1,gnvMod,cps,7,A,wm,wm,500,case3,,1.00E-05,60,1142,103,46,variable obs error,
0,tomgro,pf,1,gnvMod,cps,7,A,wm,wm,500,case1,,1.00E-05,60,1143,103,47,variable obs error,
0,tomgro,ukf,1,gnvMod,cps,1,A,wf,wf,,case1,,1.00E-05,,1144,104,0,both variable,
0,tomgro,enkf,1,gnvMod,cps,1,A,wf,wf,500,case0,,1.00E-05,,1145,104,1,both variable,
0,tomgro,enkf,1,gnvMod,cps,1,A,wf,wf,500,case1,,1.00E-05,,1146,104,2,both variable,
0,tomgro,enkf,1,gnvMod,cps,1,A,wf,wf,500,case2,,1.00E-05,,1147,104,3,both variable,
0,tomgro,enkf,1,gnvMod,cps,1,A,wf,wf,500,case3,,1.00E-05,,1148,104,4,both variable,
0,tomgro,pf,1,gnvMod,cps,1,A,wf,wf,500,case1,,1.00E-05,,1149,104,5,both variable,
0,tomgro,ukf,1,gnvMod,cps,3,A,wf,wf,,case1,,1.00E-05,,1150,104,6,both variable,
0,tomgro,enkf,1,gnvMod,cps,3,A,wf,wf,500,case0,,1.00E-05,,1151,104,7,both variable,
0,tomgro,enkf,1,gnvMod,cps,3,A,wf,wf,500,case1,,1.00E-05,,1152,104,8,both variable,
0,tomgro,enkf,1,gnvMod,cps,3,A,wf,wf,500,case2,,1.00E-05,,1153,104,9,both variable,
0,tomgro,enkf,1,gnvMod,cps,3,A,wf,wf,500,case3,,1.00E-05,,1154,104,10,both variable,
0,tomgro,pf,1,gnvMod,cps,3,A,wf,wf,500,case1,,1.00E-05,,1155,104,11,both variable,
0,tomgro,ukf,1,gnvMod,cps,5,A,wf,wf,,case1,,1.00E-05,,1156,104,12,both variable,
0,tomgro,enkf,1,gnvMod,cps,5,A,wf,wf,500,case0,,1.00E-05,,1157,104,13,both variable,
0,tomgro,enkf,1,gnvMod,cps,5,A,wf,wf,500,case1,,1.00E-05,,1158,104,14,both variable,
0,tomgro,enkf,1,gnvMod,cps,5,A,wf,wf,500,case2,,1.00E-05,,1159,104,15,both variable,
0,tomgro,enkf,1,gnvMod,cps,5,A,wf,wf,500,case3,,1.00E-05,,1160,104,16,both variable,
0,tomgro,pf,1,gnvMod,cps,5,A,wf,wf,500,case1,,1.00E-05,,1161,104,17,both variable,
0,tomgro,ukf,1,gnvMod,cps,7,A,wf,wf,,case1,,1.00E-05,,1162,104,18,both variable,
0,tomgro,enkf,1,gnvMod,cps,7,A,wf,wf,500,case0,,1.00E-05,,1163,104,19,both variable,
0,tomgro,enkf,1,gnvMod,cps,7,A,wf,wf,500,case1,,1.00E-05,,1164,104,20,both variable,
0,tomgro,enkf,1,gnvMod,cps,7,A,wf,wf,500,case2,,1.00E-05,,1165,104,21,both variable,
0,tomgro,enkf,1,gnvMod,cps,7,A,wf,wf,500,case3,,1.00E-05,,1166,104,22,both variable,
0,tomgro,pf,1,gnvMod,cps,7,A,wf,wf,500,case1,,1.00E-05,,1167,104,23,both variable,
0,tomgro,ukf,1,gnvMod,cps,1,A,wm,wm,,case1,,1.00E-05,,1168,104,24,both variable,
0,tomgro,enkf,1,gnvMod,cps,1,A,wm,wm,500,case0,,1.00E-05,,1169,104,25,both variable,
0,tomgro,enkf,1,gnvMod,cps,1,A,wm,wm,500,case1,,1.00E-05,,1170,104,26,both variable,
0,tomgro,enkf,1,gnvMod,cps,1,A,wm,wm,500,case2,,1.00E-05,,1171,104,27,both variable,
0,tomgro,enkf,1,gnvMod,cps,1,A,wm,wm,500,case3,,1.00E-05,,1172,104,28,both variable,
0,tomgro,pf,1,gnvMod,cps,1,A,wm,wm,500,case1,,1.00E-05,,1173,104,29,both variable,
0,tomgro,ukf,1,gnvMod,cps,3,A,wm,wm,,case1,,1.00E-05,,1174,104,30,both variable,
0,tomgro,enkf,1,gnvMod,cps,3,A,wm,wm,500,case0,,1.00E-05,,1175,104,31,both variable,
0,tomgro,enkf,1,gnvMod,cps,3,A,wm,wm,500,case1,,1.00E-05,,1176,104,32,both variable,
0,tomgro,enkf,1,gnvMod,cps,3,A,wm,wm,500,case2,,1.00E-05,,1177,104,33,both variable,
0,tomgro,enkf,1,gnvMod,cps,3,A,wm,wm,500,case3,,1.00E-05,,1178,104,34,both variable,
0,tomgro,pf,1,gnvMod,cps,3,A,wm,wm,500,case1,,1.00E-05,,1179,104,35,both variable,
0,tomgro,ukf,1,gnvMod,cps,5,A,wm,wm,,case1,,1.00E-05,,1180,104,36,both variable,
0,tomgro,enkf,1,gnvMod,cps,5,A,wm,wm,500,case0,,1.00E-05,,1181,104,37,both variable,
0,tomgro,enkf,1,gnvMod,cps,5,A,wm,wm,500,case1,,1.00E-05,,1182,104,38,both variable,
0,tomgro,enkf,1,gnvMod,cps,5,A,wm,wm,500,case2,,1.00E-05,,1183,104,39,both variable,
0,tomgro,enkf,1,gnvMod,cps,5,A,wm,wm,500,case3,,1.00E-05,,1184,104,40,both variable,
0,tomgro,pf,1,gnvMod,cps,5,A,wm,wm,500,case1,,1.00E-05,,1185,104,41,both variable,
0,tomgro,ukf,1,gnvMod,cps,7,A,wm,wm,,case1,,1.00E-05,,1186,104,42,both variable,
0,tomgro,enkf,1,gnvMod,cps,7,A,wm,wm,500,case0,,1.00E-05,,1187,104,43,both variable,
0,tomgro,enkf,1,gnvMod,cps,7,A,wm,wm,500,case1,,1.00E-05,,1188,104,44,both variable,
0,tomgro,enkf,1,gnvMod,cps,7,A,wm,wm,500,case2,,1.00E-05,,1189,104,45,both variable,
0,tomgro,enkf,1,gnvMod,cps,7,A,wm,wm,500,case3,,1.00E-05,,1190,104,46,both variable,
0,tomgro,pf,1,gnvMod,cps,7,A,wm,wm,500,case1,,1.00E-05,,1191,104,47,both variable,
0,tomgro,enkf,1,gnvMod,cps,1,A,wm,wm,100,case1,,0.00001,,1192,105,0,ensemble size,
0,tomgro,enkf,1,gnvMod,cps,3,A,wm,wm,100,case1,,0.00001,,1193,105,1,ensemble size,
0,tomgro,enkf,1,gnvMod,cps,5,A,wm,wm,100,case1,,0.00001,,1194,105,2,ensemble size,
0,tomgro,enkf,1,gnvMod,cps,7,A,wm,wm,100,case1,,0.00001,,1195,105,3,ensemble size,
0,tomgro,enkf,1,gnvMod,cps,1,A,wf,wf,100,case1,,0.00001,,1196,105,4,ensemble size,
0,tomgro,enkf,1,gnvMod,cps,3,A,wf,wf,100,case1,,0.00001,,1197,105,5,ensemble size,
0,tomgro,enkf,1,gnvMod,cps,5,A,wf,wf,100,case1,,0.00001,,1198,105,6,ensemble size,
0,tomgro,enkf,1,gnvMod,cps,7,A,wf,wf,100,case1,,0.00001,,1199,105,7,ensemble size,
0,tomgro,enkf,1,gnvMod,cps,1,A,wm,wm,250,case1,,0.00001,,1200,105,8,ensemble size,
0,tomgro,enkf,1,gnvMod,cps,3,A,wm,wm,250,case1,,0.00001,,1201,105,9,ensemble size,
0,tomgro,enkf,1,gnvMod,cps,5,A,wm,wm,250,case1,,0.00001,,1202,105,10,ensemble size,
0,tomgro,enkf,1,gnvMod,cps,7,A,wm,wm,250,case1,,0.00001,,1203,105,11,ensemble size,
0,tomgro,enkf,1,gnvMod,cps,1,A,wf,wf,250,case1,,0.00001,,1204,105,12,ensemble size,
0,tomgro,enkf,1,gnvMod,cps,3,A,wf,wf,250,case1,,0.00001,,1205,105,13,ensemble size,
0,tomgro,enkf,1,gnvMod,cps,5,A,wf,wf,250,case1,,0.00001,,1206,105,14,ensemble size,
0,tomgro,enkf,1,gnvMod,cps,7,A,wf,wf,250,case1,,0.00001,,1207,105,15,ensemble size,
0,tomgro,pf,1,gnvMod,cps,1,A,wm,wm,2500,case2,,0.00001,,1208,105,0,ensemble size,select
0,tomgro,pf,1,gnvMod,cps,3,A,wm,wm,2500,case2,,0.00001,,1209,105,1,ensemble size,
0,tomgro,pf,1,gnvMod,cps,5,A,wm,wm,2500,case2,,0.00001,,1210,105,2,ensemble size,
0,tomgro,pf,1,gnvMod,cps,7,A,wm,wm,2500,case2,,0.00001,,1211,105,3,ensemble size,
0,tomgro,pf,1,gnvMod,cps,1,A,wf,wf,2500,case2,,0.00001,,1212,105,4,ensemble size,
0,tomgro,pf,1,gnvMod,cps,3,A,wf,wf,2500,case2,,0.00001,,1213,105,5,ensemble size,
0,tomgro,pf,1,gnvMod,cps,5,A,wf,wf,2500,case2,,0.00001,,1214,105,6,ensemble size,
0,tomgro,pf,1,gnvMod,cps,7,A,wf,wf,2500,case2,,0.00001,,1215,105,7,ensemble size,
0,tomgro,pf,1,gnvMod,cps,1,A,wm,wm,10000,case2,,0.00001,,1216,105,8,ensemble size,
0,tomgro,pf,1,gnvMod,cps,3,A,wm,wm,10000,case2,,0.00001,,1217,105,9,ensemble size,
0,tomgro,pf,1,gnvMod,cps,5,A,wm,wm,10000,case2,,0.00001,,1218,105,10,ensemble size,
0,tomgro,pf,1,gnvMod,cps,7,A,wm,wm,10000,case2,,0.00001,,1219,105,11,ensemble size,
0,tomgro,pf,1,gnvMod,cps,1,A,wf,wf,10000,case2,,0.00001,,1220,105,12,ensemble size,
0,tomgro,pf,1,gnvMod,cps,3,A,wf,wf,10000,case2,,0.00001,,1221,105,13,ensemble size,
0,tomgro,pf,1,gnvMod,cps,5,A,wf,wf,10000,case2,,0.00001,,1222,105,14,ensemble size,
0,tomgro,pf,1,gnvMod,cps,7,A,wf,wf,10000,case2,,0.00001,,1223,105,15,ensemble size,
0,tomgro,ukf,0.5,gnvMod,cps,1,A,wm,wm,,case1,,0.00001,,1224,106,0,subsample in best outcome of 100%,select
0,tomgro,ukf,0.5,gnvMod,cps,3,A,wm,wm,,case1,,0.00001,,1225,106,1,subsample - both variable,
0,tomgro,ukf,0.5,gnvMod,cps,5,A,wm,wm,,case1,,0.00001,,1226,106,2,subsample - both variable,
0,tomgro,ukf,0.5,gnvMod,cps,7,A,wm,wm,,case1,,0.00001,,1227,106,3,subsample - both variable,
0,tomgro,enkf,0.5,gnvMod,cps,1,A,wm,wm,500,case2,,0.00001,,1228,106,4,subsample - both variable,
0,tomgro,enkf,0.5,gnvMod,cps,3,A,wm,wm,500,case2,,0.00001,,1229,106,5,subsample - both variable,
0,tomgro,enkf,0.5,gnvMod,cps,5,A,wm,wm,500,case2,,0.00001,,1230,106,6,subsample - both variable,
0,tomgro,enkf,0.5,gnvMod,cps,7,A,wm,wm,500,case2,,0.00001,,1231,106,7,subsample - both variable,
0,tomgro,ukf,0.5,gnvMod,cps,1,A,wf,wf,,case1,,0.00001,,1232,106,8,subsample - both variable,
0,tomgro,ukf,0.5,gnvMod,cps,3,A,wf,wf,,case1,,0.00001,,1233,106,9,subsample - both variable,
0,tomgro,ukf,0.5,gnvMod,cps,5,A,wf,wf,,case1,,0.00001,,1234,106,10,subsample - both variable,
0,tomgro,ukf,0.5,gnvMod,cps,7,A,wf,wf,,case1,,0.00001,,1235,106,11,subsample - both variable,
0,tomgro,enkf,0.5,gnvMod,cps,1,A,wf,wf,500,case2,,0.00001,,1236,106,12,subsample - both variable,
0,tomgro,enkf,0.5,gnvMod,cps,3,A,wf,wf,500,case2,,0.00001,,1237,106,13,subsample - both variable,
0,tomgro,enkf,0.5,gnvMod,cps,5,A,wf,wf,500,case2,,0.00001,,1238,106,14,subsample - both variable,
0,tomgro,enkf,0.5,gnvMod,cps,7,A,wf,wf,500,case2,,0.00001,,1239,106,15,subsample - both variable,
0,tomgro,ukf,0.1,gnvMod,cps,1,A,wm,wm,,case1,,0.00001,,1240,106,0,subsample - both variable,
0,tomgro,ukf,0.1,gnvMod,cps,3,A,wm,wm,,case1,,0.00001,,1241,106,1,subsample - both variable,
0,tomgro,ukf,0.1,gnvMod,cps,5,A,wm,wm,,case1,,0.00001,,1242,106,2,subsample - both variable,
0,tomgro,ukf,0.1,gnvMod,cps,7,A,wm,wm,,case1,,0.00001,,1243,106,3,subsample - both variable,
0,tomgro,enkf,0.1,gnvMod,cps,1,A,wm,wm,500,case2,,0.00001,,1244,106,4,subsample - both variable,
0,tomgro,enkf,0.1,gnvMod,cps,3,A,wm,wm,500,case2,,0.00001,,1245,106,5,subsample - both variable,
0,tomgro,enkf,0.1,gnvMod,cps,5,A,wm,wm,500,case2,,0.00001,,1246,106,6,subsample - both variable,
0,tomgro,enkf,0.1,gnvMod,cps,7,A,wm,wm,500,case2,,0.00001,,1247,106,7,subsample - both variable,
0,tomgro,ukf,0.1,gnvMod,cps,1,A,wf,wf,,case1,,0.00001,,1248,106,8,subsample - both variable,
0,tomgro,ukf,0.1,gnvMod,cps,3,A,wf,wf,,case1,,0.00001,,1249,106,9,subsample - both variable,
0,tomgro,ukf,0.1,gnvMod,cps,5,A,wf,wf,,case1,,0.00001,,1250,106,10,subsample - both variable,
0,tomgro,ukf,0.1,gnvMod,cps,7,A,wf,wf,,case1,,0.00001,,1251,106,11,subsample - both variable,
0,tomgro,enkf,0.1,gnvMod,cps,1,A,wf,wf,500,case2,,0.00001,,1252,106,12,subsample - both variable,
0,tomgro,enkf,0.1,gnvMod,cps,3,A,wf,wf,500,case2,,0.00001,,1253,106,13,subsample - both variable,
0,tomgro,enkf,0.1,gnvMod,cps,5,A,wf,wf,500,case2,,0.00001,,1254,106,14,subsample - both variable,
0,tomgro,enkf,0.1,gnvMod,cps,7,A,wf,wf,500,case2,,0.00001,,1255,106,15,subsample - both variable,
0,tomgro,ukf,0.5,gnvMod,cps,1,A,wf,wf,,case1,45,1.00E-05,90,1256,107,0,50% obs - both fixed,
0,tomgro,enkf,0.5,gnvMod,cps,1,A,wf,wf,500,case0,45,1.00E-05,90,1257,107,1,50% obs - both fixed,
0,tomgro,enkf,0.5,gnvMod,cps,1,A,wf,wf,500,case1,45,1.00E-05,90,1258,107,2,50% obs - both fixed,
0,tomgro,enkf,0.5,gnvMod,cps,1,A,wf,wf,500,case2,45,1.00E-05,90,1259,107,3,50% obs - both fixed,
0,tomgro,enkf,0.5,gnvMod,cps,1,A,wf,wf,500,case3,45,1.00E-05,90,1260,107,4,50% obs - both fixed,
0,tomgro,pf,0.5,gnvMod,cps,1,A,wf,wf,500,case1,45,1.00E-05,90,1261,107,5,50% obs - both fixed,
0,tomgro,ukf,0.5,gnvMod,cps,3,A,wf,wf,,case1,45,1.00E-05,90,1262,107,6,50% obs - both fixed,
0,tomgro,enkf,0.5,gnvMod,cps,3,A,wf,wf,500,case0,45,1.00E-05,90,1263,107,7,50% obs - both fixed,
0,tomgro,enkf,0.5,gnvMod,cps,3,A,wf,wf,500,case1,45,1.00E-05,90,1264,107,8,50% obs - both fixed,
0,tomgro,enkf,0.5,gnvMod,cps,3,A,wf,wf,500,case2,45,1.00E-05,90,1265,107,9,50% obs - both fixed,
0,tomgro,enkf,0.5,gnvMod,cps,3,A,wf,wf,500,case3,45,1.00E-05,90,1266,107,10,50% obs - both fixed,
0,tomgro,pf,0.5,gnvMod,cps,3,A,wf,wf,500,case1,45,1.00E-05,90,1267,107,11,50% obs - both fixed,
0,tomgro,ukf,0.5,gnvMod,cps,5,A,wf,wf,,case1,45,1.00E-05,90,1268,107,12,50% obs - both fixed,
0,tomgro,enkf,0.5,gnvMod,cps,5,A,wf,wf,500,case0,45,1.00E-05,90,1269,107,13,50% obs - both fixed,
0,tomgro,enkf,0.5,gnvMod,cps,5,A,wf,wf,500,case1,45,1.00E-05,90,1270,107,14,50% obs - both fixed,
0,tomgro,enkf,0.5,gnvMod,cps,5,A,wf,wf,500,case2,45,1.00E-05,90,1271,107,15,50% obs - both fixed,
0,tomgro,enkf,0.5,gnvMod,cps,5,A,wf,wf,500,case3,45,1.00E-05,90,1272,107,16,50% obs - both fixed,
0,tomgro,pf,0.5,gnvMod,cps,5,A,wf,wf,500,case1,45,1.00E-05,90,1273,107,17,50% obs - both fixed,
0,tomgro,ukf,0.5,gnvMod,cps,7,A,wf,wf,,case1,45,1.00E-05,90,1274,107,18,50% obs - both fixed,
0,tomgro,enkf,0.5,gnvMod,cps,7,A,wf,wf,500,case0,45,1.00E-05,90,1275,107,19,50% obs - both fixed,
0,tomgro,enkf,0.5,gnvMod,cps,7,A,wf,wf,500,case1,45,1.00E-05,90,1276,107,20,50% obs - both fixed,
0,tomgro,enkf,0.5,gnvMod,cps,7,A,wf,wf,500,case2,45,1.00E-05,90,1277,107,21,50% obs - both fixed,
0,tomgro,enkf,0.5,gnvMod,cps,7,A,wf,wf,500,case3,45,1.00E-05,90,1278,107,22,50% obs - both fixed,
0,tomgro,pf,0.5,gnvMod,cps,7,A,wf,wf,500,case1,45,1.00E-05,90,1279,107,23,50% obs - both fixed,
0,tomgro,ukf,0.5,gnvMod,cps,1,A,wm,wm,,case1,20,1.00E-05,60,1280,107,24,50% obs - both fixed,
0,tomgro,enkf,0.5,gnvMod,cps,1,A,wm,wm,500,case0,20,1.00E-05,60,1281,107,25,50% obs - both fixed,
0,tomgro,enkf,0.5,gnvMod,cps,1,A,wm,wm,500,case1,20,1.00E-05,60,1282,107,26,50% obs - both fixed,
0,tomgro,enkf,0.5,gnvMod,cps,1,A,wm,wm,500,case2,20,1.00E-05,60,1283,107,27,50% obs - both fixed,
0,tomgro,enkf,0.5,gnvMod,cps,1,A,wm,wm,500,case3,20,1.00E-05,60,1284,107,28,50% obs - both fixed,
0,tomgro,pf,0.5,gnvMod,cps,1,A,wm,wm,500,case1,20,1.00E-05,60,1285,107,29,50% obs - both fixed,
0,tomgro,ukf,0.5,gnvMod,cps,3,A,wm,wm,,case1,20,1.00E-05,60,1286,107,30,50% obs - both fixed,
0,tomgro,enkf,0.5,gnvMod,cps,3,A,wm,wm,500,case0,20,1.00E-05,60,1287,107,31,50% obs - both fixed,
0,tomgro,enkf,0.5,gnvMod,cps,3,A,wm,wm,500,case1,20,1.00E-05,60,1288,107,32,50% obs - both fixed,
0,tomgro,enkf,0.5,gnvMod,cps,3,A,wm,wm,500,case2,20,1.00E-05,60,1289,107,33,50% obs - both fixed,
0,tomgro,enkf,0.5,gnvMod,cps,3,A,wm,wm,500,case3,20,1.00E-05,60,1290,107,34,50% obs - both fixed,
0,tomgro,pf,0.5,gnvMod,cps,3,A,wm,wm,500,case1,20,1.00E-05,60,1291,107,35,50% obs - both fixed,
0,tomgro,ukf,0.5,gnvMod,cps,5,A,wm,wm,,case1,20,1.00E-05,60,1292,107,36,50% obs - both fixed,
0,tomgro,enkf,0.5,gnvMod,cps,5,A,wm,wm,500,case0,20,1.00E-05,60,1293,107,37,50% obs - both fixed,
0,tomgro,enkf,0.5,gnvMod,cps,5,A,wm,wm,500,case1,20,1.00E-05,60,1294,107,38,50% obs - both fixed,
0,tomgro,enkf,0.5,gnvMod,cps,5,A,wm,wm,500,case2,20,1.00E-05,60,1295,107,39,50% obs - both fixed,
0,tomgro,enkf,0.5,gnvMod,cps,5,A,wm,wm,500,case3,20,1.00E-05,60,1296,107,40,50% obs - both fixed,
0,tomgro,pf,0.5,gnvMod,cps,5,A,wm,wm,500,case1,20,1.00E-05,60,1297,107,41,50% obs - both fixed,
0,tomgro,ukf,0.5,gnvMod,cps,7,A,wm,wm,,case1,20,1.00E-05,60,1298,107,42,50% obs - both fixed,
0,tomgro,enkf,0.5,gnvMod,cps,7,A,wm,wm,500,case0,20,1.00E-05,60,1299,107,43,50% obs - both fixed,
0,tomgro,enkf,0.5,gnvMod,cps,7,A,wm,wm,500,case1,20,1.00E-05,60,1300,107,44,50% obs - both fixed,
0,tomgro,enkf,0.5,gnvMod,cps,7,A,wm,wm,500,case2,20,1.00E-05,60,1301,107,45,50% obs - both fixed,
0,tomgro,enkf,0.5,gnvMod,cps,7,A,wm,wm,500,case3,20,1.00E-05,60,1302,107,46,50% obs - both fixed,
0,tomgro,pf,0.5,gnvMod,cps,7,A,wm,wm,500,case1,20,1.00E-05,60,1303,107,47,50% obs - both fixed,
0,tomgro,ukf,0.5,gnvMod,cps,1,A,wf,wf,,case1,45,1.00E-05,,1304,108,0,50% obs - obs fixed,
0,tomgro,enkf,0.5,gnvMod,cps,1,A,wf,wf,500,case0,45,1.00E-05,,1305,108,1,50% obs - obs fixed,
0,tomgro,enkf,0.5,gnvMod,cps,1,A,wf,wf,500,case1,45,1.00E-05,,1306,108,2,50% obs - obs fixed,
0,tomgro,enkf,0.5,gnvMod,cps,1,A,wf,wf,500,case2,45,1.00E-05,,1307,108,3,50% obs - obs fixed,
0,tomgro,enkf,0.5,gnvMod,cps,1,A,wf,wf,500,case3,45,1.00E-05,,1308,108,4,50% obs - obs fixed,
0,tomgro,pf,0.5,gnvMod,cps,1,A,wf,wf,500,case1,45,1.00E-05,,1309,108,5,50% obs - obs fixed,
0,tomgro,ukf,0.5,gnvMod,cps,3,A,wf,wf,,case1,45,1.00E-05,,1310,108,6,50% obs - obs fixed,
0,tomgro,enkf,0.5,gnvMod,cps,3,A,wf,wf,500,case0,45,1.00E-05,,1311,108,7,50% obs - obs fixed,
0,tomgro,enkf,0.5,gnvMod,cps,3,A,wf,wf,500,case1,45,1.00E-05,,1312,108,8,50% obs - obs fixed,
0,tomgro,enkf,0.5,gnvMod,cps,3,A,wf,wf,500,case2,45,1.00E-05,,1313,108,9,50% obs - obs fixed,
0,tomgro,enkf,0.5,gnvMod,cps,3,A,wf,wf,500,case3,45,1.00E-05,,1314,108,10,50% obs - obs fixed,
0,tomgro,pf,0.5,gnvMod,cps,3,A,wf,wf,500,case1,45,1.00E-05,,1315,108,11,50% obs - obs fixed,
0,tomgro,ukf,0.5,gnvMod,cps,5,A,wf,wf,,case1,45,1.00E-05,,1316,108,12,50% obs - obs fixed,
0,tomgro,enkf,0.5,gnvMod,cps,5,A,wf,wf,500,case0,45,1.00E-05,,1317,108,13,50% obs - obs fixed,
0,tomgro,enkf,0.5,gnvMod,cps,5,A,wf,wf,500,case1,45,1.00E-05,,1318,108,14,50% obs - obs fixed,
0,tomgro,enkf,0.5,gnvMod,cps,5,A,wf,wf,500,case2,45,1.00E-05,,1319,108,15,50% obs - obs fixed,
0,tomgro,enkf,0.5,gnvMod,cps,5,A,wf,wf,500,case3,45,1.00E-05,,1320,108,16,50% obs - obs fixed,
0,tomgro,pf,0.5,gnvMod,cps,5,A,wf,wf,500,case1,45,1.00E-05,,1321,108,17,50% obs - obs fixed,
0,tomgro,ukf,0.5,gnvMod,cps,7,A,wf,wf,,case1,45,1.00E-05,,1322,108,18,50% obs - obs fixed,
0,tomgro,enkf,0.5,gnvMod,cps,7,A,wf,wf,500,case0,45,1.00E-05,,1323,108,19,50% obs - obs fixed,
0,tomgro,enkf,0.5,gnvMod,cps,7,A,wf,wf,500,case1,45,1.00E-05,,1324,108,20,50% obs - obs fixed,
0,tomgro,enkf,0.5,gnvMod,cps,7,A,wf,wf,500,case2,45,1.00E-05,,1325,108,21,50% obs - obs fixed,
0,tomgro,enkf,0.5,gnvMod,cps,7,A,wf,wf,500,case3,45,1.00E-05,,1326,108,22,50% obs - obs fixed,
0,tomgro,pf,0.5,gnvMod,cps,7,A,wf,wf,500,case1,45,1.00E-05,,1327,108,23,50% obs - obs fixed,
0,tomgro,ukf,0.5,gnvMod,cps,1,A,wm,wm,,case1,20,1.00E-05,,1328,108,24,50% obs - obs fixed,
0,tomgro,enkf,0.5,gnvMod,cps,1,A,wm,wm,500,case0,20,1.00E-05,,1329,108,25,50% obs - obs fixed,
0,tomgro,enkf,0.5,gnvMod,cps,1,A,wm,wm,500,case1,20,1.00E-05,,1330,108,26,50% obs - obs fixed,
0,tomgro,enkf,0.5,gnvMod,cps,1,A,wm,wm,500,case2,20,1.00E-05,,1331,108,27,50% obs - obs fixed,
0,tomgro,enkf,0.5,gnvMod,cps,1,A,wm,wm,500,case3,20,1.00E-05,,1332,108,28,50% obs - obs fixed,
0,tomgro,pf,0.5,gnvMod,cps,1,A,wm,wm,500,case1,20,1.00E-05,,1333,108,29,50% obs - obs fixed,
0,tomgro,ukf,0.5,gnvMod,cps,3,A,wm,wm,,case1,20,1.00E-05,,1334,108,30,50% obs - obs fixed,
0,tomgro,enkf,0.5,gnvMod,cps,3,A,wm,wm,500,case0,20,1.00E-05,,1335,108,31,50% obs - obs fixed,
0,tomgro,enkf,0.5,gnvMod,cps,3,A,wm,wm,500,case1,20,1.00E-05,,1336,108,32,50% obs - obs fixed,
0,tomgro,enkf,0.5,gnvMod,cps,3,A,wm,wm,500,case2,20,1.00E-05,,1337,108,33,50% obs - obs fixed,
0,tomgro,enkf,0.5,gnvMod,cps,3,A,wm,wm,500,case3,20,1.00E-05,,1338,108,34,50% obs - obs fixed,
0,tomgro,pf,0.5,gnvMod,cps,3,A,wm,wm,500,case1,20,1.00E-05,,1339,108,35,50% obs - obs fixed,
0,tomgro,ukf,0.5,gnvMod,cps,5,A,wm,wm,,case1,20,1.00E-05,,1340,108,36,50% obs - obs fixed,
0,tomgro,enkf,0.5,gnvMod,cps,5,A,wm,wm,500,case0,20,1.00E-05,,1341,108,37,50% obs - obs fixed,
0,tomgro,enkf,0.5,gnvMod,cps,5,A,wm,wm,500,case1,20,1.00E-05,,1342,108,38,50% obs - obs fixed,
0,tomgro,enkf,0.5,gnvMod,cps,5,A,wm,wm,500,case2,20,1.00E-05,,1343,108,39,50% obs - obs fixed,
0,tomgro,enkf,0.5,gnvMod,cps,5,A,wm,wm,500,case3,20,1.00E-05,,1344,108,40,50% obs - obs fixed,
0,tomgro,pf,0.5,gnvMod,cps,5,A,wm,wm,500,case1,20,1.00E-05,,1345,108,41,50% obs - obs fixed,
0,tomgro,ukf,0.5,gnvMod,cps,7,A,wm,wm,,case1,20,1.00E-05,,1346,108,42,50% obs - obs fixed,
0,tomgro,enkf,0.5,gnvMod,cps,7,A,wm,wm,500,case0,20,1.00E-05,,1347,108,43,50% obs - obs fixed,
0,tomgro,enkf,0.5,gnvMod,cps,7,A,wm,wm,500,case1,20,1.00E-05,,1348,108,44,50% obs - obs fixed,
0,tomgro,enkf,0.5,gnvMod,cps,7,A,wm,wm,500,case2,20,1.00E-05,,1349,108,45,50% obs - obs fixed,
0,tomgro,enkf,0.5,gnvMod,cps,7,A,wm,wm,500,case3,20,1.00E-05,,1350,108,46,50% obs - obs fixed,
0,tomgro,pf,0.5,gnvMod,cps,7,A,wm,wm,500,case1,20,1.00E-05,,1351,108,47,50% obs - obs fixed,
0,tomgro,ukf,0.5,gnvMod,cps,1,A,wf,wf,,case1,,1.00E-05,90,1352,109,0,50% obs - model fixed,
0,tomgro,enkf,0.5,gnvMod,cps,1,A,wf,wf,500,case0,,1.00E-05,90,1353,109,1,50% obs - model fixed,
0,tomgro,enkf,0.5,gnvMod,cps,1,A,wf,wf,500,case1,,1.00E-05,90,1354,109,2,50% obs - model fixed,
0,tomgro,enkf,0.5,gnvMod,cps,1,A,wf,wf,500,case2,,1.00E-05,90,1355,109,3,50% obs - model fixed,
0,tomgro,enkf,0.5,gnvMod,cps,1,A,wf,wf,500,case3,,1.00E-05,90,1356,109,4,50% obs - model fixed,
0,tomgro,pf,0.5,gnvMod,cps,1,A,wf,wf,500,case1,,1.00E-05,90,1357,109,5,50% obs - model fixed,
0,tomgro,ukf,0.5,gnvMod,cps,3,A,wf,wf,,case1,,1.00E-05,90,1358,109,6,50% obs - model fixed,
0,tomgro,enkf,0.5,gnvMod,cps,3,A,wf,wf,500,case0,,1.00E-05,90,1359,109,7,50% obs - model fixed,
0,tomgro,enkf,0.5,gnvMod,cps,3,A,wf,wf,500,case1,,1.00E-05,90,1360,109,8,50% obs - model fixed,
0,tomgro,enkf,0.5,gnvMod,cps,3,A,wf,wf,500,case2,,1.00E-05,90,1361,109,9,50% obs - model fixed,
0,tomgro,enkf,0.5,gnvMod,cps,3,A,wf,wf,500,case3,,1.00E-05,90,1362,109,10,50% obs - model fixed,
0,tomgro,pf,0.5,gnvMod,cps,3,A,wf,wf,500,case1,,1.00E-05,90,1363,109,11,50% obs - model fixed,
0,tomgro,ukf,0.5,gnvMod,cps,5,A,wf,wf,,case1,,1.00E-05,90,1364,109,12,50% obs - model fixed,
0,tomgro,enkf,0.5,gnvMod,cps,5,A,wf,wf,500,case0,,1.00E-05,90,1365,109,13,50% obs - model fixed,
0,tomgro,enkf,0.5,gnvMod,cps,5,A,wf,wf,500,case1,,1.00E-05,90,1366,109,14,50% obs - model fixed,
0,tomgro,enkf,0.5,gnvMod,cps,5,A,wf,wf,500,case2,,1.00E-05,90,1367,109,15,50% obs - model fixed,
0,tomgro,enkf,0.5,gnvMod,cps,5,A,wf,wf,500,case3,,1.00E-05,90,1368,109,16,50% obs - model fixed,
0,tomgro,pf,0.5,gnvMod,cps,5,A,wf,wf,500,case1,,1.00E-05,90,1369,109,17,50% obs - model fixed,
0,tomgro,ukf,0.5,gnvMod,cps,7,A,wf,wf,,case1,,1.00E-05,90,1370,109,18,50% obs - model fixed,
0,tomgro,enkf,0.5,gnvMod,cps,7,A,wf,wf,500,case0,,1.00E-05,90,1371,109,19,50% obs - model fixed,
0,tomgro,enkf,0.5,gnvMod,cps,7,A,wf,wf,500,case1,,1.00E-05,90,1372,109,20,50% obs - model fixed,
0,tomgro,enkf,0.5,gnvMod,cps,7,A,wf,wf,500,case2,,1.00E-05,90,1373,109,21,50% obs - model fixed,
0,tomgro,enkf,0.5,gnvMod,cps,7,A,wf,wf,500,case3,,1.00E-05,90,1374,109,22,50% obs - model fixed,
0,tomgro,pf,0.5,gnvMod,cps,7,A,wf,wf,500,case1,,1.00E-05,90,1375,109,23,50% obs - model fixed,
0,tomgro,ukf,0.5,gnvMod,cps,1,A,wm,wm,,case1,,1.00E-05,60,1376,109,24,50% obs - model fixed,
0,tomgro,enkf,0.5,gnvMod,cps,1,A,wm,wm,500,case0,,1.00E-05,60,1377,109,25,50% obs - model fixed,
0,tomgro,enkf,0.5,gnvMod,cps,1,A,wm,wm,500,case1,,1.00E-05,60,1378,109,26,50% obs - model fixed,
0,tomgro,enkf,0.5,gnvMod,cps,1,A,wm,wm,500,case2,,1.00E-05,60,1379,109,27,50% obs - model fixed,
0,tomgro,enkf,0.5,gnvMod,cps,1,A,wm,wm,500,case3,,1.00E-05,60,1380,109,28,50% obs - model fixed,
0,tomgro,pf,0.5,gnvMod,cps,1,A,wm,wm,500,case1,,1.00E-05,60,1381,109,29,50% obs - model fixed,
0,tomgro,ukf,0.5,gnvMod,cps,3,A,wm,wm,,case1,,1.00E-05,60,1382,109,30,50% obs - model fixed,
0,tomgro,enkf,0.5,gnvMod,cps,3,A,wm,wm,500,case0,,1.00E-05,60,1383,109,31,50% obs - model fixed,
0,tomgro,enkf,0.5,gnvMod,cps,3,A,wm,wm,500,case1,,1.00E-05,60,1384,109,32,50% obs - model fixed,
0,tomgro,enkf,0.5,gnvMod,cps,3,A,wm,wm,500,case2,,1.00E-05,60,1385,109,33,50% obs - model fixed,
0,tomgro,enkf,0.5,gnvMod,cps,3,A,wm,wm,500,case3,,1.00E-05,60,1386,109,34,50% obs - model fixed,
0,tomgro,pf,0.5,gnvMod,cps,3,A,wm,wm,500,case1,,1.00E-05,60,1387,109,35,50% obs - model fixed,
0,tomgro,ukf,0.5,gnvMod,cps,5,A,wm,wm,,case1,,1.00E-05,60,1388,109,36,50% obs - model fixed,
0,tomgro,enkf,0.5,gnvMod,cps,5,A,wm,wm,500,case0,,1.00E-05,60,1389,109,37,50% obs - model fixed,
0,tomgro,enkf,0.5,gnvMod,cps,5,A,wm,wm,500,case1,,1.00E-05,60,1390,109,38,50% obs - model fixed,
0,tomgro,enkf,0.5,gnvMod,cps,5,A,wm,wm,500,case2,,1.00E-05,60,1391,109,39,50% obs - model fixed,
0,tomgro,enkf,0.5,gnvMod,cps,5,A,wm,wm,500,case3,,1.00E-05,60,1392,109,40,50% obs - model fixed,
0,tomgro,pf,0.5,gnvMod,cps,5,A,wm,wm,500,case1,,1.00E-05,60,1393,109,41,50% obs - model fixed,
0,tomgro,ukf,0.5,gnvMod,cps,7,A,wm,wm,,case1,,1.00E-05,60,1394,109,42,50% obs - model fixed,
0,tomgro,enkf,0.5,gnvMod,cps,7,A,wm,wm,500,case0,,1.00E-05,60,1395,109,43,50% obs - model fixed,
0,tomgro,enkf,0.5,gnvMod,cps,7,A,wm,wm,500,case1,,1.00E-05,60,1396,109,44,50% obs - model fixed,
0,tomgro,enkf,0.5,gnvMod,cps,7,A,wm,wm,500,case2,,1.00E-05,60,1397,109,45,50% obs - model fixed,
0,tomgro,enkf,0.5,gnvMod,cps,7,A,wm,wm,500,case3,,1.00E-05,60,1398,109,46,50% obs - model fixed,
0,tomgro,pf,0.5,gnvMod,cps,7,A,wm,wm,500,case1,,1.00E-05,60,1399,109,47,50% obs - model fixed,
0,tomgro,ukf,0.1,gnvMod,cps,1,A,wf,wf,,case1,45,1.00E-05,90,1400,110,0,10% obs - both fixed,
0,tomgro,enkf,0.1,gnvMod,cps,1,A,wf,wf,500,case0,45,1.00E-05,90,1401,110,1,10% obs - both fixed,
0,tomgro,enkf,0.1,gnvMod,cps,1,A,wf,wf,500,case1,45,1.00E-05,90,1402,110,2,10% obs - both fixed,
0,tomgro,enkf,0.1,gnvMod,cps,1,A,wf,wf,500,case2,45,1.00E-05,90,1403,110,3,10% obs - both fixed,
0,tomgro,enkf,0.1,gnvMod,cps,1,A,wf,wf,500,case3,45,1.00E-05,90,1404,110,4,10% obs - both fixed,
0,tomgro,pf,0.1,gnvMod,cps,1,A,wf,wf,500,case1,45,1.00E-05,90,1405,110,5,10% obs - both fixed,
0,tomgro,ukf,0.1,gnvMod,cps,3,A,wf,wf,,case1,45,1.00E-05,90,1406,110,6,10% obs - both fixed,
0,tomgro,enkf,0.1,gnvMod,cps,3,A,wf,wf,500,case0,45,1.00E-05,90,1407,110,7,10% obs - both fixed,
0,tomgro,enkf,0.1,gnvMod,cps,3,A,wf,wf,500,case1,45,1.00E-05,90,1408,110,8,10% obs - both fixed,
0,tomgro,enkf,0.1,gnvMod,cps,3,A,wf,wf,500,case2,45,1.00E-05,90,1409,110,9,10% obs - both fixed,
0,tomgro,enkf,0.1,gnvMod,cps,3,A,wf,wf,500,case3,45,1.00E-05,90,1410,110,10,10% obs - both fixed,
0,tomgro,pf,0.1,gnvMod,cps,3,A,wf,wf,500,case1,45,1.00E-05,90,1411,110,11,10% obs - both fixed,
0,tomgro,ukf,0.1,gnvMod,cps,5,A,wf,wf,,case1,45,1.00E-05,90,1412,110,12,10% obs - both fixed,
0,tomgro,enkf,0.1,gnvMod,cps,5,A,wf,wf,500,case0,45,1.00E-05,90,1413,110,13,10% obs - both fixed,
0,tomgro,enkf,0.1,gnvMod,cps,5,A,wf,wf,500,case1,45,1.00E-05,90,1414,110,14,10% obs - both fixed,
0,tomgro,enkf,0.1,gnvMod,cps,5,A,wf,wf,500,case2,45,1.00E-05,90,1415,110,15,10% obs - both fixed,
0,tomgro,enkf,0.1,gnvMod,cps,5,A,wf,wf,500,case3,45,1.00E-05,90,1416,110,16,10% obs - both fixed,
0,tomgro,pf,0.1,gnvMod,cps,5,A,wf,wf,500,case1,45,1.00E-05,90,1417,110,17,10% obs - both fixed,
0,tomgro,ukf,0.1,gnvMod,cps,7,A,wf,wf,,case1,45,1.00E-05,90,1418,110,18,10% obs - both fixed,
0,tomgro,enkf,0.1,gnvMod,cps,7,A,wf,wf,500,case0,45,1.00E-05,90,1419,110,19,10% obs - both fixed,
0,tomgro,enkf,0.1,gnvMod,cps,7,A,wf,wf,500,case1,45,1.00E-05,90,1420,110,20,10% obs - both fixed,
0,tomgro,enkf,0.1,gnvMod,cps,7,A,wf,wf,500,case2,45,1.00E-05,90,1421,110,21,10% obs - both fixed,
0,tomgro,enkf,0.1,gnvMod,cps,7,A,wf,wf,500,case3,45,1.00E-05,90,1422,110,22,10% obs - both fixed,
0,tomgro,pf,0.1,gnvMod,cps,7,A,wf,wf,500,case1,45,1.00E-05,90,1423,110,23,10% obs - both fixed,
0,tomgro,ukf,0.1,gnvMod,cps,1,A,wm,wm,,case1,20,1.00E-05,60,1424,110,24,10% obs - both fixed,
0,tomgro,enkf,0.1,gnvMod,cps,1,A,wm,wm,500,case0,20,1.00E-05,60,1425,110,25,10% obs - both fixed,
0,tomgro,enkf,0.1,gnvMod,cps,1,A,wm,wm,500,case1,20,1.00E-05,60,1426,110,26,10% obs - both fixed,
0,tomgro,enkf,0.1,gnvMod,cps,1,A,wm,wm,500,case2,20,1.00E-05,60,1427,110,27,10% obs - both fixed,
0,tomgro,enkf,0.1,gnvMod,cps,1,A,wm,wm,500,case3,20,1.00E-05,60,1428,110,28,10% obs - both fixed,
0,tomgro,pf,0.1,gnvMod,cps,1,A,wm,wm,500,case1,20,1.00E-05,60,1429,110,29,10% obs - both fixed,
0,tomgro,ukf,0.1,gnvMod,cps,3,A,wm,wm,,case1,20,1.00E-05,60,1430,110,30,10% obs - both fixed,
0,tomgro,enkf,0.1,gnvMod,cps,3,A,wm,wm,500,case0,20,1.00E-05,60,1431,110,31,10% obs - both fixed,
0,tomgro,enkf,0.1,gnvMod,cps,3,A,wm,wm,500,case1,20,1.00E-05,60,1432,110,32,10% obs - both fixed,
0,tomgro,enkf,0.1,gnvMod,cps,3,A,wm,wm,500,case2,20,1.00E-05,60,1433,110,33,10% obs - both fixed,
0,tomgro,enkf,0.1,gnvMod,cps,3,A,wm,wm,500,case3,20,1.00E-05,60,1434,110,34,10% obs - both fixed,
0,tomgro,pf,0.1,gnvMod,cps,3,A,wm,wm,500,case1,20,1.00E-05,60,1435,110,35,10% obs - both fixed,
0,tomgro,ukf,0.1,gnvMod,cps,5,A,wm,wm,,case1,20,1.00E-05,60,1436,110,36,10% obs - both fixed,
0,tomgro,enkf,0.1,gnvMod,cps,5,A,wm,wm,500,case0,20,1.00E-05,60,1437,110,37,10% obs - both fixed,
0,tomgro,enkf,0.1,gnvMod,cps,5,A,wm,wm,500,case1,20,1.00E-05,60,1438,110,38,10% obs - both fixed,
0,tomgro,enkf,0.1,gnvMod,cps,5,A,wm,wm,500,case2,20,1.00E-05,60,1439,110,39,10% obs - both fixed,
0,tomgro,enkf,0.1,gnvMod,cps,5,A,wm,wm,500,case3,20,1.00E-05,60,1440,110,40,10% obs - both fixed,
0,tomgro,pf,0.1,gnvMod,cps,5,A,wm,wm,500,case1,20,1.00E-05,60,1441,110,41,10% obs - both fixed,
0,tomgro,ukf,0.1,gnvMod,cps,7,A,wm,wm,,case1,20,1.00E-05,60,1442,110,42,10% obs - both fixed,
0,tomgro,enkf,0.1,gnvMod,cps,7,A,wm,wm,500,case0,20,1.00E-05,60,1443,110,43,10% obs - both fixed,
0,tomgro,enkf,0.1,gnvMod,cps,7,A,wm,wm,500,case1,20,1.00E-05,60,1444,110,44,10% obs - both fixed,
0,tomgro,enkf,0.1,gnvMod,cps,7,A,wm,wm,500,case2,20,1.00E-05,60,1445,110,45,10% obs - both fixed,
0,tomgro,enkf,0.1,gnvMod,cps,7,A,wm,wm,500,case3,20,1.00E-05,60,1446,110,46,10% obs - both fixed,
0,tomgro,pf,0.1,gnvMod,cps,7,A,wm,wm,500,case1,20,1.00E-05,60,1447,110,47,10% obs - both fixed,
0,tomgro,ukf,0.1,gnvMod,cps,1,A,wf,wf,,case1,45,1.00E-05,,1448,111,0,10% obs - obs fixed,
0,tomgro,enkf,0.1,gnvMod,cps,1,A,wf,wf,500,case0,45,1.00E-05,,1449,111,1,10% obs - obs fixed,
0,tomgro,enkf,0.1,gnvMod,cps,1,A,wf,wf,500,case1,45,1.00E-05,,1450,111,2,10% obs - obs fixed,
0,tomgro,enkf,0.1,gnvMod,cps,1,A,wf,wf,500,case2,45,1.00E-05,,1451,111,3,10% obs - obs fixed,
0,tomgro,enkf,0.1,gnvMod,cps,1,A,wf,wf,500,case3,45,1.00E-05,,1452,111,4,10% obs - obs fixed,
0,tomgro,pf,0.1,gnvMod,cps,1,A,wf,wf,500,case1,45,1.00E-05,,1453,111,5,10% obs - obs fixed,
0,tomgro,ukf,0.1,gnvMod,cps,3,A,wf,wf,,case1,45,1.00E-05,,1454,111,6,10% obs - obs fixed,
0,tomgro,enkf,0.1,gnvMod,cps,3,A,wf,wf,500,case0,45,1.00E-05,,1455,111,7,10% obs - obs fixed,
0,tomgro,enkf,0.1,gnvMod,cps,3,A,wf,wf,500,case1,45,1.00E-05,,1456,111,8,10% obs - obs fixed,
0,tomgro,enkf,0.1,gnvMod,cps,3,A,wf,wf,500,case2,45,1.00E-05,,1457,111,9,10% obs - obs fixed,
0,tomgro,enkf,0.1,gnvMod,cps,3,A,wf,wf,500,case3,45,1.00E-05,,1458,111,10,10% obs - obs fixed,
0,tomgro,pf,0.1,gnvMod,cps,3,A,wf,wf,500,case1,45,1.00E-05,,1459,111,11,10% obs - obs fixed,
0,tomgro,ukf,0.1,gnvMod,cps,5,A,wf,wf,,case1,45,1.00E-05,,1460,111,12,10% obs - obs fixed,
0,tomgro,enkf,0.1,gnvMod,cps,5,A,wf,wf,500,case0,45,1.00E-05,,1461,111,13,10% obs - obs fixed,
0,tomgro,enkf,0.1,gnvMod,cps,5,A,wf,wf,500,case1,45,1.00E-05,,1462,111,14,10% obs - obs fixed,
0,tomgro,enkf,0.1,gnvMod,cps,5,A,wf,wf,500,case2,45,1.00E-05,,1463,111,15,10% obs - obs fixed,
0,tomgro,enkf,0.1,gnvMod,cps,5,A,wf,wf,500,case3,45,1.00E-05,,1464,111,16,10% obs - obs fixed,
0,tomgro,pf,0.1,gnvMod,cps,5,A,wf,wf,500,case1,45,1.00E-05,,1465,111,17,10% obs - obs fixed,
0,tomgro,ukf,0.1,gnvMod,cps,7,A,wf,wf,,case1,45,1.00E-05,,1466,111,18,10% obs - obs fixed,
0,tomgro,enkf,0.1,gnvMod,cps,7,A,wf,wf,500,case0,45,1.00E-05,,1467,111,19,10% obs - obs fixed,
0,tomgro,enkf,0.1,gnvMod,cps,7,A,wf,wf,500,case1,45,1.00E-05,,1468,111,20,10% obs - obs fixed,
0,tomgro,enkf,0.1,gnvMod,cps,7,A,wf,wf,500,case2,45,1.00E-05,,1469,111,21,10% obs - obs fixed,
0,tomgro,enkf,0.1,gnvMod,cps,7,A,wf,wf,500,case3,45,1.00E-05,,1470,111,22,10% obs - obs fixed,
0,tomgro,pf,0.1,gnvMod,cps,7,A,wf,wf,500,case1,45,1.00E-05,,1471,111,23,10% obs - obs fixed,
0,tomgro,ukf,0.1,gnvMod,cps,1,A,wm,wm,,case1,20,1.00E-05,,1472,111,24,10% obs - obs fixed,
0,tomgro,enkf,0.1,gnvMod,cps,1,A,wm,wm,500,case0,20,1.00E-05,,1473,111,25,10% obs - obs fixed,
0,tomgro,enkf,0.1,gnvMod,cps,1,A,wm,wm,500,case1,20,1.00E-05,,1474,111,26,10% obs - obs fixed,
0,tomgro,enkf,0.1,gnvMod,cps,1,A,wm,wm,500,case2,20,1.00E-05,,1475,111,27,10% obs - obs fixed,
0,tomgro,enkf,0.1,gnvMod,cps,1,A,wm,wm,500,case3,20,1.00E-05,,1476,111,28,10% obs - obs fixed,
0,tomgro,pf,0.1,gnvMod,cps,1,A,wm,wm,500,case1,20,1.00E-05,,1477,111,29,10% obs - obs fixed,
0,tomgro,ukf,0.1,gnvMod,cps,3,A,wm,wm,,case1,20,1.00E-05,,1478,111,30,10% obs - obs fixed,
0,tomgro,enkf,0.1,gnvMod,cps,3,A,wm,wm,500,case0,20,1.00E-05,,1479,111,31,10% obs - obs fixed,
0,tomgro,enkf,0.1,gnvMod,cps,3,A,wm,wm,500,case1,20,1.00E-05,,1480,111,32,10% obs - obs fixed,
0,tomgro,enkf,0.1,gnvMod,cps,3,A,wm,wm,500,case2,20,1.00E-05,,1481,111,33,10% obs - obs fixed,
0,tomgro,enkf,0.1,gnvMod,cps,3,A,wm,wm,500,case3,20,1.00E-05,,1482,111,34,10% obs - obs fixed,
0,tomgro,pf,0.1,gnvMod,cps,3,A,wm,wm,500,case1,20,1.00E-05,,1483,111,35,10% obs - obs fixed,
0,tomgro,ukf,0.1,gnvMod,cps,5,A,wm,wm,,case1,20,1.00E-05,,1484,111,36,10% obs - obs fixed,
0,tomgro,enkf,0.1,gnvMod,cps,5,A,wm,wm,500,case0,20,1.00E-05,,1485,111,37,10% obs - obs fixed,
0,tomgro,enkf,0.1,gnvMod,cps,5,A,wm,wm,500,case1,20,1.00E-05,,1486,111,38,10% obs - obs fixed,
0,tomgro,enkf,0.1,gnvMod,cps,5,A,wm,wm,500,case2,20,1.00E-05,,1487,111,39,10% obs - obs fixed,
0,tomgro,enkf,0.1,gnvMod,cps,5,A,wm,wm,500,case3,20,1.00E-05,,1488,111,40,10% obs - obs fixed,
0,tomgro,pf,0.1,gnvMod,cps,5,A,wm,wm,500,case1,20,1.00E-05,,1489,111,41,10% obs - obs fixed,
0,tomgro,ukf,0.1,gnvMod,cps,7,A,wm,wm,,case1,20,1.00E-05,,1490,111,42,10% obs - obs fixed,
0,tomgro,enkf,0.1,gnvMod,cps,7,A,wm,wm,500,case0,20,1.00E-05,,1491,111,43,10% obs - obs fixed,
0,tomgro,enkf,0.1,gnvMod,cps,7,A,wm,wm,500,case1,20,1.00E-05,,1492,111,44,10% obs - obs fixed,
0,tomgro,enkf,0.1,gnvMod,cps,7,A,wm,wm,500,case2,20,1.00E-05,,1493,111,45,10% obs - obs fixed,
0,tomgro,enkf,0.1,gnvMod,cps,7,A,wm,wm,500,case3,20,1.00E-05,,1494,111,46,10% obs - obs fixed,
0,tomgro,pf,0.1,gnvMod,cps,7,A,wm,wm,500,case1,20,1.00E-05,,1495,111,47,10% obs - obs fixed,
0,tomgro,ukf,0.1,gnvMod,cps,1,A,wf,wf,,case1,,1.00E-05,90,1496,112,0,10% obs - model fixed,
0,tomgro,enkf,0.1,gnvMod,cps,1,A,wf,wf,500,case0,,1.00E-05,90,1497,112,1,10% obs - model fixed,
0,tomgro,enkf,0.1,gnvMod,cps,1,A,wf,wf,500,case1,,1.00E-05,90,1498,112,2,10% obs - model fixed,
0,tomgro,enkf,0.1,gnvMod,cps,1,A,wf,wf,500,case2,,1.00E-05,90,1499,112,3,10% obs - model fixed,
0,tomgro,enkf,0.1,gnvMod,cps,1,A,wf,wf,500,case3,,1.00E-05,90,1500,112,4,10% obs - model fixed,
0,tomgro,pf,0.1,gnvMod,cps,1,A,wf,wf,500,case1,,1.00E-05,90,1501,112,5,10% obs - model fixed,
0,tomgro,ukf,0.1,gnvMod,cps,3,A,wf,wf,,case1,,1.00E-05,90,1502,112,6,10% obs - model fixed,
0,tomgro,enkf,0.1,gnvMod,cps,3,A,wf,wf,500,case0,,1.00E-05,90,1503,112,7,10% obs - model fixed,
0,tomgro,enkf,0.1,gnvMod,cps,3,A,wf,wf,500,case1,,1.00E-05,90,1504,112,8,10% obs - model fixed,
0,tomgro,enkf,0.1,gnvMod,cps,3,A,wf,wf,500,case2,,1.00E-05,90,1505,112,9,10% obs - model fixed,
0,tomgro,enkf,0.1,gnvMod,cps,3,A,wf,wf,500,case3,,1.00E-05,90,1506,112,10,10% obs - model fixed,
0,tomgro,pf,0.1,gnvMod,cps,3,A,wf,wf,500,case1,,1.00E-05,90,1507,112,11,10% obs - model fixed,
0,tomgro,ukf,0.1,gnvMod,cps,5,A,wf,wf,,case1,,1.00E-05,90,1508,112,12,10% obs - model fixed,
0,tomgro,enkf,0.1,gnvMod,cps,5,A,wf,wf,500,case0,,1.00E-05,90,1509,112,13,10% obs - model fixed,
0,tomgro,enkf,0.1,gnvMod,cps,5,A,wf,wf,500,case1,,1.00E-05,90,1510,112,14,10% obs - model fixed,
0,tomgro,enkf,0.1,gnvMod,cps,5,A,wf,wf,500,case2,,1.00E-05,90,1511,112,15,10% obs - model fixed,
0,tomgro,enkf,0.1,gnvMod,cps,5,A,wf,wf,500,case3,,1.00E-05,90,1512,112,16,10% obs - model fixed,
0,tomgro,pf,0.1,gnvMod,cps,5,A,wf,wf,500,case1,,1.00E-05,90,1513,112,17,10% obs - model fixed,
0,tomgro,ukf,0.1,gnvMod,cps,7,A,wf,wf,,case1,,1.00E-05,90,1514,112,18,10% obs - model fixed,
0,tomgro,enkf,0.1,gnvMod,cps,7,A,wf,wf,500,case0,,1.00E-05,90,1515,112,19,10% obs - model fixed,
0,tomgro,enkf,0.1,gnvMod,cps,7,A,wf,wf,500,case1,,1.00E-05,90,1516,112,20,10% obs - model fixed,
0,tomgro,enkf,0.1,gnvMod,cps,7,A,wf,wf,500,case2,,1.00E-05,90,1517,112,21,10% obs - model fixed,
0,tomgro,enkf,0.1,gnvMod,cps,7,A,wf,wf,500,case3,,1.00E-05,90,1518,112,22,10% obs - model fixed,
0,tomgro,pf,0.1,gnvMod,cps,7,A,wf,wf,500,case1,,1.00E-05,90,1519,112,23,10% obs - model fixed,
0,tomgro,ukf,0.1,gnvMod,cps,1,A,wm,wm,,case1,,1.00E-05,60,1520,112,24,10% obs - model fixed,
0,tomgro,enkf,0.1,gnvMod,cps,1,A,wm,wm,500,case0,,1.00E-05,60,1521,112,25,10% obs - model fixed,
0,tomgro,enkf,0.1,gnvMod,cps,1,A,wm,wm,500,case1,,1.00E-05,60,1522,112,26,10% obs - model fixed,
0,tomgro,enkf,0.1,gnvMod,cps,1,A,wm,wm,500,case2,,1.00E-05,60,1523,112,27,10% obs - model fixed,
0,tomgro,enkf,0.1,gnvMod,cps,1,A,wm,wm,500,case3,,1.00E-05,60,1524,112,28,10% obs - model fixed,
0,tomgro,pf,0.1,gnvMod,cps,1,A,wm,wm,500,case1,,1.00E-05,60,1525,112,29,10% obs - model fixed,
0,tomgro,ukf,0.1,gnvMod,cps,3,A,wm,wm,,case1,,1.00E-05,60,1526,112,30,10% obs - model fixed,
0,tomgro,enkf,0.1,gnvMod,cps,3,A,wm,wm,500,case0,,1.00E-05,60,1527,112,31,10% obs - model fixed,
0,tomgro,enkf,0.1,gnvMod,cps,3,A,wm,wm,500,case1,,1.00E-05,60,1528,112,32,10% obs - model fixed,
0,tomgro,enkf,0.1,gnvMod,cps,3,A,wm,wm,500,case2,,1.00E-05,60,1529,112,33,10% obs - model fixed,
0,tomgro,enkf,0.1,gnvMod,cps,3,A,wm,wm,500,case3,,1.00E-05,60,1530,112,34,10% obs - model fixed,
0,tomgro,pf,0.1,gnvMod,cps,3,A,wm,wm,500,case1,,1.00E-05,60,1531,112,35,10% obs - model fixed,
0,tomgro,ukf,0.1,gnvMod,cps,5,A,wm,wm,,case1,,1.00E-05,60,1532,112,36,10% obs - model fixed,
0,tomgro,enkf,0.1,gnvMod,cps,5,A,wm,wm,500,case0,,1.00E-05,60,1533,112,37,10% obs - model fixed,
0,tomgro,enkf,0.1,gnvMod,cps,5,A,wm,wm,500,case1,,1.00E-05,60,1534,112,38,10% obs - model fixed,
0,tomgro,enkf,0.1,gnvMod,cps,5,A,wm,wm,500,case2,,1.00E-05,60,1535,112,39,10% obs - model fixed,
0,tomgro,enkf,0.1,gnvMod,cps,5,A,wm,wm,500,case3,,1.00E-05,60,1536,112,40,10% obs - model fixed,
0,tomgro,pf,0.1,gnvMod,cps,5,A,wm,wm,500,case1,,1.00E-05,60,1537,112,41,10% obs - model fixed,
0,tomgro,ukf,0.1,gnvMod,cps,7,A,wm,wm,,case1,,1.00E-05,60,1538,112,42,10% obs - model fixed,
0,tomgro,enkf,0.1,gnvMod,cps,7,A,wm,wm,500,case0,,1.00E-05,60,1539,112,43,10% obs - model fixed,
0,tomgro,enkf,0.1,gnvMod,cps,7,A,wm,wm,500,case1,,1.00E-05,60,1540,112,44,10% obs - model fixed,
0,tomgro,enkf,0.1,gnvMod,cps,7,A,wm,wm,500,case2,,1.00E-05,60,1541,112,45,10% obs - model fixed,
0,tomgro,enkf,0.1,gnvMod,cps,7,A,wm,wm,500,case3,,1.00E-05,60,1542,112,46,10% obs - model fixed,
0,tomgro,pf,0.1,gnvMod,cps,7,A,wm,wm,500,case1,,1.00E-05,60,1543,112,47,10% obs - model fixed,
